flora,fauna,site_id,site_code,site_name,country,date_earliest,date_latest,latitude,longitude
TRUE,FALSE,18,AF,'Afula,Israel,3200 BC,500 BC,32.61,35.29
TRUE,TRUE,23,ADA,'Ain Dara,Syria,1000 BC,500 BC,36.85,36.46
TRUE,TRUE,24,AGHAZ,'Ain Ghazal,Jordan,8700 BC,4000 BC,31.99,35.98
TRUE,FALSE,5,AC,Abi'or cave,Israel,60 BC,400 AD,31.84,35.44
TRUE,FALSE,7,AHA,Abu Hamid,Jordan,4800 BC,3800 BC,32.32,35.55
TRUE,FALSE,11,AS,Abu Salabikh,Iraq,3000 BC,2340 BC,32.25,45.05
FALSE,TRUE,1035,ACEM,Acemhöyük,Turkey,3400 BC,1923 AD,38.41,33.84
TRUE,FALSE,12,ACHIL,Achilleion,Greece,6400 BC,1923 AD,39.17,22.23
TRUE,FALSE,21,AM,Agios Mamas,Greece,2000 BC,1923 AD,40.27,23.32
FALSE,TRUE,1046,AINM,Ain Mallaha (Eynan),Israel,12500 BC,10000 BC,33.09,35.58
TRUE,FALSE,35,AK,Akrotiri,Greece,1500 BC,1200 BC,36.35,25.39
FALSE,TRUE,1020,THUQ,Al-Madam 1 - Thuqeibah,0,918 BC,535 BC,,
TRUE,FALSE,44,KOSH,Ali Kosh,Iran,8700 BC,6500 BC,32.56,47.32
TRUE,FALSE,59,ANZ,Anza,Greece,6400 BC,5200 BC,41.78,21.96
TRUE,FALSE,61,AP,Apliki,Cyprus,1500 BC,1200 BC,35.07,32.84
TRUE,FALSE,65,A,Arad,Israel,3200 BC,400 AD,,
TRUE,FALSE,66,ARM,Arapi Magoula,Greece,3200 BC,5200 BC,,
TRUE,TRUE,69,ARG,Argissa-Magoula,Greece,8700 BC,1500 BC,,
TRUE,TRUE,70,ARJ,Arjoune,Syria,6400 BC,4200 BC,,
TRUE,FALSE,1005,ARKA,Arkadikos,Greece,6400 BC,5200 BC,,
TRUE,TRUE,73,ARST,Arslantepe,Turkey,3200 BC,2600 BC,,
TRUE,FALSE,1028,ASHD,Ashdod,Israel,1300 BC,1100 BC,,
TRUE,TRUE,1016,ASH,Ashkelon,Israel,6400 BC,500 BC,,
TRUE,TRUE,76,ASIK,Asikli Hoyuk,Turkey,8400 BC,7500 BC,,
TRUE,FALSE,77,AT,Assiros Toumba,Greece,1600 BC,900 BC,,
TRUE,FALSE,78,ASK,Asvan Kale (Asvan),Turkey,2800 BC,1900 AD,,
TRUE,FALSE,79,ASVR,Asvan region,Turkey,5200 BC,1000 AD,,
TRUE,FALSE,89,AD,Ayios Dhemetrios,Cyprus,1500 BC,1200 BC,,
TRUE,FALSE,90,AEV,Ayios Epiktitos Vrysi,Cyprus,5400 BC,1200 BC,,
TRUE,FALSE,95,AZ,Azraq 31,Jordan,7500 BC,7000 BC,,
TRUE,FALSE,97,BDRA,Bab'edh Dhra,Jordan,3200 BC,2000 BC,,
FALSE,TRUE,991,BADE,Bademagaci,Turkey,6400 BC,2000 BC,,
FALSE,TRUE,1043,BARC,Barcin Höyük,Turkey,6400 BC,5200 BC,,
TRUE,FALSE,115,BAST,Basta,Jordan,7500 BC,7000 BC,,
TRUE,TRUE,116,B,Bastam,Iran,840 BC,1500 AD,,
FALSE,TRUE,1052,BASU,Başur Höyük,Turkey,1800 BC,1600 BC,,
TRUE,TRUE,120,BESH,Beer-Sheba,Israel,1200 BC,800 BC,,
TRUE,TRUE,121,BEID,Beidha,Jordan,11000 BC,7500 BC,,
FALSE,TRUE,1057,BEIS,Beisamoun,Israel,5400 BC,7500 BC,,
TRUE,FALSE,123,BEN,Bendebal,Iran,5200 BC,3000 BC,,
TRUE,TRUE,128,BS,Beth Shean,Israel,3200 BC,1200 AD,,
TRUE,FALSE,1014,BETH,Bethsaida,Israel,980 BC,840 BC,,
TRUE,FALSE,129,BEYS,Beycesultan,Turkey,1500 BC,1100 AD,,
TRUE,FALSE,144,BB,Bnei Beraq,Israel,5200 BC,3000 BC,,
TRUE,TRUE,147,BK,Bogazköy,Turkey,3400 BC,1100 BC,,
TRUE,FALSE,150,BOS,Bosra,Syria,800 AD,1750 AD,,
TRUE,TRUE,153,BOUQ,Bouqras,Syria,7500 BC,5400 BC,,
FALSE,TRUE,1041,BÜYÜ,Büyüktepe Höyük,Turkey,3200 BC,500 BC,,
TRUE,TRUE,163,CADH,Çadir Höyük,Turkey,5200 BC,1100 AD,,
TRUE,FALSE,164,CAF,Cafer Hoyuk,Turkey,8700 BC,6500 BC,,
FALSE,TRUE,1044,CAML,Çamlıbel Tarlası,Turkey,4800 BC,3800 BC,,
TRUE,FALSE,165,HASAN,Can Hasan III,Turkey,8700 BC,6000 BC,,
TRUE,FALSE,168,CAK,Cape Andreas Kastros,Cyprus,6400 BC,4200 BC,,
TRUE,TRUE,1030,CAT,Çatalhöyük,Turkey,8700 BC,4200 BC,,
FALSE,TRUE,1026,CAVI,Çavi Tarlası,Turkey,5500 BC,4500 BC,,
TRUE,FALSE,171,CB,Cayboyu (Asvan),Turkey,4800 BC,3800 BC,,
TRUE,FALSE,172,CAY,Cayonu,Turkey,9800 BC,1100 BC,,
TRUE,FALSE,180,CM,Choga Mami,Iraq,5200 BC,2000 BC,,
TRUE,FALSE,183,CD,City of David,Israel,3000 BC,100 BC,,
TRUE,FALSE,188,C,Corinth,Greece,700 BC,323 BC,,
TRUE,FALSE,1015,DB,Deir el-Balah,Israel,1300 BC,1100 BC,,
TRUE,FALSE,200,DA,Deir'Alla,Jordan,1500 BC,500 BC,,
TRUE,FALSE,202,DH,Demircihüyük,Turkey,3200 BC,2000 BC,,
TRUE,FALSE,203,DEN,Dendra,Greece,1050 BC,1000 BC,,
TRUE,FALSE,211,DAGR,Dhali Agridhi,Cyprus,6400 BC,4200 BC,,
TRUE,FALSE,1058,DHI,Dhiban,Jordan,1000 BC,500 BC,,
TRUE,TRUE,212,DHU,Dhuweila,Jordan,7500 BC,5200 BC,,
TRUE,FALSE,213,DIBX,Diban 11,Syria,500 AD,1500 AD,,
TRUE,FALSE,214,DIBV,Diban 5,Syria,500 AD,1500 AD,,
TRUE,FALSE,216,DT,Dikili Tash,Greece,500 AD,5200 BC,,
TRUE,FALSE,218,DIL,Dilkaya Höyük,Turkey,3200 BC,2000 BC,,
TRUE,FALSE,219,DIM,Dimini,Greece,6400 BC,4200 BC,,
FALSE,TRUE,995,DITE,Dinkha Tepe,Iran,3400 BC,500 BC,,
TRUE,FALSE,223,DJA,Djade,Syria,9800 BC,6500 BC,,
FALSE,TRUE,1019,DOMU,Domuztepe,Turkey,5700 BC,5500 BC,,
TRUE,FALSE,231,DRA,Drachmani,Greece,1800 BC,1600 BC,,
TRUE,FALSE,235,EBL,Ebla,Syria,2350 BC,2000 BC,,
TRUE,FALSE,246,KOW1,El Kowm I,Syria,7500 BC,7000 BC,,
TRUE,TRUE,247,KOW2,El Kowm II,Syria,7500 BC,6500 BC,,
TRUE,TRUE,255,ELEJ,El-Lejjun,Jordan,3200 BC,1750 AD,,
TRUE,TRUE,258,EM,Emar,Syria,3200 BC,1200 BC,,
TRUE,FALSE,260,EBES,En Besor,Israel,3200 BC,2000 BC,,
TRUE,FALSE,261,EB,En Boqeq,Israel,400 AD,2000 BC,,
TRUE,FALSE,263,ER,En Rahel,Israel,1000 BC,400 AD,,
TRUE,FALSE,264,ERB,Erbaba,Turkey,5400 BC,400 AD,,
TRUE,FALSE,269,E,Eridu,Iraq,5200 BC,3000 BC,,
TRUE,FALSE,278,EZ,Ez Zantur,Jordan,400 AD,3000 BC,,
FALSE,TRUE,1055,FITE,Fikirtepe,Turkey,6400 BC,4200 BC,,
TRUE,FALSE,286,FC,Franchthi Cave,Greece,8000 BC,5200 BC,,
TRUE,FALSE,287,GDT,Ganj Dareh Tepe,Iran,8700 BC,6500 BC,,
TRUE,FALSE,303,GHED,Ghediki,Greece,8000 BC,6500 BC,,
FALSE,TRUE,1049,GIRI,Giricano,Turkey,1800 BC,1200 BC,,
TRUE,FALSE,307,GH,Girikihaciyan,Turkey,5100 BC,1200 BC,,
TRUE,FALSE,309,GLA,Gla,Greece,1500 BC,1200 BC,,
FALSE,TRUE,310,GOB,Göbekli Tepe,Turkey,9800 BC,8800 BC,,
TRUE,TRUE,962,YAS,Gordion (Yassihöyük),Turkey,1800 BC,1500 AD,,
TRUE,FALSE,316,GOU,Gournia,Crete,3400 BC,1100 BC,,
TRUE,FALSE,317,GV,Gre Virike,Turkey,3000 BC,1500 AD,,
TRUE,TRUE,318,GRI,Gritille,Turkey,8700 BC,1750 AD,,
TRUE,FALSE,323,HCI,Hacilar,Turkey,8400 BC,7500 BC,,
TRUE,FALSE,324,HACT,Hacinebi Tepe,Turkey,4800 BC,3800 BC,,
TRUE,TRUE,328,HAT,Hagia Triada,Crete,3400 BC,1100 BC,,
TRUE,FALSE,330,HI,Hajji Ibrahim,Syria,3200 BC,2000 BC,,
TRUE,FALSE,332,HAST,Hala Sultan Tekke,Cyprus,1200 BC,1100 BC,,
TRUE,FALSE,335,HCT,Hallan Cemi Tepesi,Turkey,12500 BC,10000 BC,,
TRUE,FALSE,336,HALU,Halula,Syria,8700 BC,6500 BC,,
TRUE,TRUE,340,HH,Hassek Höyük,Turkey,5200 BC,2000 BC,,
TRUE,FALSE,342,HAYO,Hayonim Cave,Israel,11200 BC,9600 BC,,
FALSE,TRUE,1045,HAZO,Hazor,Israel,1800 BC,1100 BC,,
TRUE,FALSE,346,HER,Herakleion,Crete,3400 BC,1100 BC,,
TRUE,FALSE,347,HP,Hierakonpolis,Egypt,5500 BC,2250 BC,,
TRUE,FALSE,1036,HILI,Hili N (Al Ain),United Arab Emirates,3200 BC,2000 BC,,
FALSE,TRUE,1051,HIRB,Hirbemerdon Tepe,Turkey,1800 BC,500 BC,,
TRUE,FALSE,349,HM,Hirbet el-Msas (Tel Masos),Israel,5200 BC,1100 AD,,
TRUE,TRUE,350,HEZ,Hirbet ez-Zeraqon,Jordan,2800 BC,2600 BC,,
TRUE,FALSE,1068,HII,Hirbet Iskander,Jordan,2800 BC,2600 BC,,
TRUE,TRUE,353,HRZ,Horbat Rosh Zayit,Israel,1000 BC,500 BC,,
TRUE,TRUE,354,HOR,Horum Hüyük,Turkey,4800 BC,1500 AD,,
TRUE,FALSE,355,HB,Horvat Beter,Israel,5200 BC,3000 BC,,
TRUE,TRUE,357,HOY,Höyücek,Turkey,6400 BC,4200 BC,,
TRUE,FALSE,359,IDA,Idalion,Cyprus,900 BC,400 BC,,
TRUE,FALSE,362,IT,Ikiztepe,Turkey,5200 BC,1600 BC,,
TRUE,TRUE,363,ILI,Ilipinar,Turkey,6400 BC,3000 BC,,
TRUE,FALSE,364,IMA,Imamoglu,Turkey,3200 BC,2000 BC,,
TRUE,FALSE,369,IOL,Iolkos,Greece,1500 BC,700 BC,,
TRUE,FALSE,372,DUBB,Iraq ed Dubb,Jordan,11200 BC,8800 BC,,
TRUE,FALSE,374,I,Iria,Greece,1050 BC,1000 BC,,
TRUE,FALSE,1060,JAFFA,Jaffa,Israel,1200 BC,1100 BC,,
TRUE,FALSE,386,JAF,Jaffarabad,Iran,6400 BC,3000 BC,,
TRUE,FALSE,1031,JARMA,Jarma,Libya,60 BC,1750 AD,,
TRUE,TRUE,388,JAW,Jawa,Jordan,5200 BC,535 BC,,
FALSE,TRUE,389,JAT,Jebel Abu Thawwab,Jordan,3200 BC,2000 BC,,
TRUE,FALSE,392,AHM,Jerf al Ahmar,Syria,9800 BC,8800 BC,,
TRUE,FALSE,393,J,Jericho,Palestine,9800 BC,1600 BC,,
TRUE,TRUE,409,KAL,Kalapodi,Greece,1200 BC,500 AD,,
TRUE,FALSE,410,KV,Kalavasos village,Cyprus,1800 BC,1600 BC,,
TRUE,FALSE,413,KALS,Kalopsidha,Cyprus,3200 BC,1200 BC,,
TRUE,TRUE,414,KAMK,Kaman-Kalehöyük,Turkey,3200 BC,1923 AD,,
TRUE,TRUE,415,KEL,Kamid el-Loz,Lebanon,1800 BC,900 BC,,
FALSE,TRUE,1023,KASE,Karataş-Semayük,Turkey,3400 BC,1100 BC,,
TRUE,FALSE,430,KAS,Kastanas,Greece,3200 BC,400 BC,,
FALSE,TRUE,1048,KAVU,Kavuşan Höyük,Turkey,1500 BC,700 BC,,
TRUE,FALSE,438,K,Kellis,Egypt,60 BC,400 AD,,
TRUE,TRUE,439,KT,Kenan Tepe,Turkey,5200 BC,500 BC,,
TRUE,FALSE,440,KEPH,Kephallenia,Greece,1050 BC,1000 BC,,
TRUE,FALSE,455,KAM,Khirbat al-Mudaybi,Jordan,325 AD,1900 AD,,
TRUE,FALSE,456,KF,Khirbat Faris,Jordan,800 AD,1750 AD,,
TRUE,FALSE,457,KEN,Khirbet en-Nahas,Jordan,1200 BC,500 BC,,
TRUE,FALSE,1022,KRAS,Khirbet er-Rasm,Israel,918 BC,535 BC,,
TRUE,FALSE,458,KHIR,Khirokitia,Cyprus,6400 BC,4200 BC,,
TRUE,TRUE,462,KIH,Kinet Höyük,Turkey,1800 BC,1500 AD,,
TRUE,FALSE,466,KISH,Kish,Iraq,5500 BC,3200 BC,,
TRUE,FALSE,467,KISS,Kissonerga,Cyprus,8800 BC,3800 BC,,
TRUE,FALSE,468,KR,Kissufim Road,Israel,5200 BC,3000 BC,,
TRUE,FALSE,470,KNO,Knossos,Crete,8000 BC,1100 BC,,
TRUE,FALSE,473,KEH,Kom el-Hisn,Egypt,2700 BC,2300 BC,,
TRUE,FALSE,475,KRAB,Kom Rab'ia,Egypt,1500 BC,2300 BC,,
TRUE,FALSE,476,KOM,Kommos,Crete,1750 BC,500 BC,,
TRUE,FALSE,1000,KONSAL,Konar Sandal,Iran,3200 BC,500 BC,,
FALSE,TRUE,480,KÖT,Körtik Tepe,Turkey,9800 BC,6500 BC,,
TRUE,TRUE,481,KOR,Korucutepe,Turkey,5200 BC,1500 AD,,
TRUE,TRUE,483,KS,Kosak Shamali,Syria,5500 BC,3000 BC,,
FALSE,TRUE,1013,KOUP,Kouphovouno,Greece,5500 BC,5200 BC,,
FALSE,TRUE,992,KÜLL,Küllüoba,Turkey,4800 BC,2800 BC,,
FALSE,TRUE,1039,KANE,Kültepe-Kanesh,Turkey,1800 BC,1600 BC,,
TRUE,FALSE,489,KU,Kumtepe,Turkey,5200 BC,3000 BC,,
TRUE,FALSE,1021,KAJ,Kuntillet 'Ajrud,Israel,918 BC,535 BC,,
TRUE,TRUE,492,KUH,Kurban Höyük,Turkey,5100 BC,1600 BC,,
TRUE,FALSE,494,KUR,Kuruçay Höyük,Turkey,4800 BC,3800 BC,,
TRUE,FALSE,496,KUS,Kusakli,Turkey,1800 BC,500 BC,,
TRUE,FALSE,504,LH,Lachish,Palestine,3200 BC,500 BC,,
TRUE,FALSE,518,L,Larsa,Iraq,238 BC,224 AD,,
TRUE,FALSE,520,LEF,Lefkandi,Greece,1050 BC,1000 BC,,
TRUE,FALSE,522,LL,Lemba-Lakkous,Cyprus,5200 BC,3000 BC,,
TRUE,FALSE,523,LER,Lerna,Greece,2500 BC,323 BC,,
TRUE,FALSE,527,LIL,Liliana,Crete,3400 BC,1100 BC,,
TRUE,FALSE,589,MLE,M'lefaat,Iraq,9800 BC,8800 BC,,
TRUE,FALSE,535,MD,Maadi,Egypt,5500 BC,3200 BC,,
TRUE,FALSE,539,MAG,Magzalia,Iraq,7500 BC,5400 BC,,
TRUE,FALSE,540,M,Mahmudiya,Iraq,700 BC,300 BC,,
TRUE,FALSE,1007,MAKRI,Makri,Greece,700 BC,5200 BC,,
TRUE,FALSE,1006,MAKRY,Makriyalos,Greece,700 BC,5200 BC,,
TRUE,FALSE,546,MAL,Mallia,Crete,3400 BC,1100 BC,,
TRUE,FALSE,547,MALY,Malyan,Iran,3400 BC,1800 BC,,
TRUE,FALSE,548,MT,Manahat,Israel,1700 BC,1600 BC,,
TRUE,FALSE,559,MA,Marki-Alonia,Cyprus,1800 BC,1200 BC,,
TRUE,FALSE,560,MAR,Marmariani,Greece,1050 BC,1000 BC,,
TRUE,FALSE,563,MAS,Masada,Israel,60 BC,400 AD,,
TRUE,TRUE,1011,MEG,Megiddo,Israel,3200 BC,500 BC,,
TRUE,FALSE,573,MEN,Menelaion,Greece,1050 BC,1000 BC,,
FALSE,TRUE,1042,MENT,Menteşe ,urkey,5100 BC,5200 BC,,
TRUE,FALSE,578,MV,Merv,Iran,205 AD,651 AD,,
TRUE,TRUE,583,MH,Mezraa Hoyük,Turkey,8700 BC,1500 AD,,
TRUE,TRUE,585,MS,Miletos (Kalabaktepe/Zeytintepe),Turkey,700 BC,400 BC,,
TRUE,FALSE,590,MOA,Moa,Israel,1000 BC,400 AD,,
FALSE,TRUE,1050,MUSL,Müslümantepe,Turkey,1800 BC,1200 BC,,
TRUE,FALSE,596,MYC,Mycenae,Greece,1050 BC,1000 BC,,
TRUE,TRUE,597,MYL,Mylouthkia,Cyprus,5100 BC,3800 BC,,
TRUE,FALSE,598,MYR,Myrtos,Crete,3200 BC,2000 BC,,
TRUE,FALSE,600,NK,Nagada-Khattara,Egypt,5200 BC,2000 BC,,
TRUE,FALSE,602,NAHE,Nahal Hemar,Israel,8700 BC,6500 BC,,
TRUE,FALSE,603,NM,Nahal Mishmar,Israel,5200 BC,400 AD,,
TRUE,FALSE,604,NQC,Nahal Qanah Cave,Israel,5200 BC,3000 BC,,
TRUE,FALSE,605,NY,Nahal Yattir,Israel,60 BC,400 AD,,
TRUE,FALSE,611,NEANIK,Nea Nikomedeia,Greece,6400 BC,400 AD,,
TRUE,TRUE,614,NETHAG,Netiv Hagdud,Israel,9800 BC,8800 BC,,
TRUE,FALSE,615,NEVCO,Nevali Cori,Turkey,8700 BC,6500 BC,,
TRUE,FALSE,620,NIM,Nimrud,Iraq,1392 BC,150 BC,,
TRUE,FALSE,621,NIR,Niruchiani,Crete,3400 BC,1100 BC,,
TRUE,FALSE,625,NU,Numeira,Israel,2400 BC,2200 BC,,
TRUE,FALSE,626,NJ,Nush-i Jan,Iran,750 BC,50 AD,,
TRUE,FALSE,629,OHA,Ohalo II,Israel,12500 BC,10800 BC,,
TRUE,FALSE,632,OR,Orchomenos,Greece,1050 BC,1000 BC,,
TRUE,FALSE,634,OTZMA,Otzaki Magoula,Greece,6400 BC,1000 BC,,
TRUE,FALSE,637,OH,Oylum Höyük,Turkey,5200 BC,3000 BC,,
TRUE,TRUE,638,PAL,Palaikastro,Crete,3400 BC,1100 BC,,
TRUE,FALSE,644,SHILL,Parekklisha-Shillourokambos,Cyprus,8800 BC,7000 BC,,
TRUE,FALSE,645,PAT,Patnos,Turkey,1500 BC,1200 BC,,
TRUE,FALSE,647,PEF,Pefkakia-Magoula,Greece,3200 BC,1500 BC,,
TRUE,FALSE,1066,PEL,Pella,Jordan,1600 BC,900 BC,,
TRUE,TRUE,648,PHA,Phaistos,Crete,3400 BC,1100 BC,,
TRUE,FALSE,653,PI,Pirak,Pakistan,1800 BC,900 BC,,
TRUE,TRUE,655,PMZ,Platia Magoula Zarkou,Greece,3200 BC,1600 BC,,
TRUE,FALSE,661,PRODRO,Prodromos,Greece,6400 BC,1600 BC,,
TRUE,FALSE,662,PYL,Pylos,Greece,1050 BC,1000 BC,,
TRUE,FALSE,663,PY,Pyrasos,Greece,1050 BC,5200 BC,,
TRUE,FALSE,665,QI,Qal'eh Ismail Aqa,Iran,800 BC,1750 AD,,
TRUE,FALSE,668,QAME,Qaryat Medad,Syria,500 AD,1500 AD,,
TRUE,FALSE,671,QERM,Qermez Dere,Iraq,9800 BC,8800 BC,,
FALSE,TRUE,673,QW,Qubur al-Walaydah,Israel,918 BC,535 BC,,
TRUE,FALSE,1032,RAN,Ras an-Numayra,Jordan,3200 BC,3000 BC,,
TRUE,FALSE,686,R,Rifa'at,Syria,3200 BC,3000 BC,,
TRUE,FALSE,689,RK,Rukeis,Jordan,3400 BC,1100 BC,,
TRUE,FALSE,695,SEZ,Safat ez Zerr,Syria,750 AD,900 AD,,
TRUE,FALSE,702,SAL,Salamis (Cellarka),Cyprus,700 BC,400 BC,,
TRUE,FALSE,704,SG,Saliagos,Greece,700 BC,5200 BC,,
TRUE,FALSE,709,SH,Samos Heraion,Greece,750 BC,480 BC,,
TRUE,FALSE,713,SAQ,Saqqara,Egypt,3200 BC,2000 BC,,
TRUE,FALSE,718,SAT,Sataf,Israel,5200 BC,2800 BC,,
TRUE,FALSE,722,SL,Serce Limani,Turkey,400 BC,1500 AD,,
TRUE,FALSE,723,SER,Servia,Greece,400 BC,5200 BC,,
TRUE,FALSE,724,SES,Sesklo,Greece,8000 BC,4200 BC,,
FALSE,TRUE,993,SHTE,Shah Tepe,Iran,3200 BC,1400 AD,,
TRUE,TRUE,726,SIS,Shahr-i Sokhta,Iran,3200 BC,2000 BC,,
FALSE,TRUE,994,SHED,Shams ed-Din Tannira,Syria,5500 BC,4500 BC,,
TRUE,FALSE,731,SF,Sharafabad,Iran,4000 BC,4500 BC,,
TRUE,FALSE,1001,ABAD,Sheikh-e Abad,Iran,9800 BC,6500 BC,,
TRUE,FALSE,735,SHH,Shheil 1,Syria,500 AD,1500 AD,,
TRUE,FALSE,736,SHHV,Shheil 5,Syria,750 AD,900 AD,,
TRUE,FALSE,737,SHI,Shiloh,Israel,1600 BC,500 BC,,
TRUE,FALSE,738,SQ,Shiqmim,Israel,5200 BC,3000 BC,,
TRUE,FALSE,1017,SHO,Shoham (North),Israel,5200 BC,2000 BC,,
TRUE,FALSE,743,SIA,Sia,Syria,60 BC,400 AD,,
TRUE,FALSE,1061,SID,Sidon,Lebanon,2400 BC,535 BC,,
TRUE,FALSE,756,SLA,Slavokambos,Crete,3400 BC,1100 BC,,
FALSE,TRUE,1040,SOSH,Sos Höyük,Turkey,3200 BC,500 BC,,
TRUE,FALSE,764,SK,Sotira Kaminoudhia,Cyprus,3200 BC,2000 BC,,
TRUE,FALSE,766,SOUF,Soufli,Greece,6400 BC,2000 BC,,
TRUE,FALSE,772,SUS,Susa,Iran,1100 BC,224 AD,,
TRUE,FALSE,774,SYN,Synoro,Greece,2500 BC,2300 BC,,
TRUE,FALSE,780,TAT,Tahirbaj Tepe,Iran,1000 BC,500 BC,,
TRUE,FALSE,997,BAKUN,Tall-e Bakun,Iran,5400 BC,500 BC,,
TRUE,FALSE,998,JARI,Tall-e Jari,Iran,5400 BC,500 BC,,
TRUE,FALSE,996,MUSHKI,Tall-e Mushki,Iran,5400 BC,500 BC,,
TRUE,FALSE,782,TAMA,Tamara,Israel,1000 BC,400 AD,,
TRUE,FALSE,783,TAG,Tappeh Gijlar,Iran,5200 BC,539 BC,,
TRUE,FALSE,785,TK,Taskun Kale (Asvan),Turkey,500 AD,1500 AD,,
TRUE,FALSE,786,TASM,Taskun Mevkii (Asvan),Turkey,3000 BC,2800 BC,,
TRUE,FALSE,794,TIRA,Tel 'Ira,Israel,1000 BC,1100 AD,,
TRUE,FALSE,1059,TBY,Tel Beth Yerah,Israel,3000 BC,2600 BC,,
TRUE,FALSE,793,TD,Tel Dalit,Israel,2800 BC,2600 BC,,
FALSE,TRUE,1004,Dor,Tel Dor,Israel,1200 BC,900 BC,,
TRUE,FALSE,1027,TKED,Tel Kedesh,Israel,980 BC,840 BC,,
TRUE,TRUE,1033,TKIN,Tel Kinrot,Israel,3200 BC,840 BC,,
TRUE,FALSE,1062,MALHAT,Tel Malhat,Israel,918 BC,535 BC,,
TRUE,FALSE,795,TMIC,Tel Michal,Israel,1800 BC,1516 AD,,
TRUE,FALSE,796,TN,Tel Nami,Israel,1800 BC,1100 BC,,
TRUE,FALSE,797,SAF,Tel Saf,Israel,5200 BC,3000 BC,,
FALSE,TRUE,1056,TEO,Tel Te'o,Israel,8700 BC,2000 BC,,
TRUE,FALSE,1024,TYAR,Tel Yarmouth,Israel,3000 BC,2200 BC,,
TRUE,TRUE,799,TAK,Tell Abu al-Kharaz,Jordan,3200 BC,500 BC,,
FALSE,TRUE,1029,DUWA,Tell Abu Duwari (Mashkar sharif),Iraq,1800 BC,1600 BC,,
TRUE,FALSE,800,ABUHU,Tell Abu Hureyra,Syria,12500 BC,6500 BC,,
TRUE,FALSE,801,TAM,Tell Abu Matar,Israel,5200 BC,3000 BC,,
TRUE,TRUE,803,TAF,Tell Afis,Syria,4800 BC,500 BC,,
TRUE,FALSE,804,TAR,Tell al-Raqa'i,Syria,3200 BC,2000 BC,,
TRUE,FALSE,805,RAW,Tell al-Rawda,Syria,3200 BC,2000 BC,,
TRUE,FALSE,806,TAPH,Tell Aphek,Israel,3200 BC,840 BC,,
TRUE,FALSE,807,TAQ,Tell Aqab,Syria,5000 BC,840 BC,,
FALSE,TRUE,1012,TEAR,Tell Arbid,Syria,3100 BC,1950 BC,,
TRUE,FALSE,809,ASW,Tell Aswad,Syria,9800 BC,7500 BC,,
TRUE,TRUE,810,ALA,Tell Atchana,Turkey,1800 BC,1100 BC,,
TRUE,FALSE,811,TA,Tell Atij,Syria,3200 BC,2000 BC,,
TRUE,TRUE,812,TBD,Tell Bderi,Syria,3400 BC,1100 BC,,
TRUE,TRUE,815,TBR,Tell Brak,Syria,4800 BC,1600 BC,,
FALSE,TRUE,817,TBU,Tell Burak,Lebanon,800 BC,600 BC,,
TRUE,FALSE,818,TCHRA,Tell Chragh,Iraq,5300 BC,4100 BC,,
FALSE,TRUE,819,CHU,Tell Chuera,Syria,3100 BC,2700 BC,,
TRUE,FALSE,820,TED,Tell ed-Der,Iraq,2000 BC,1200 BC,,
TRUE,FALSE,821,TEIF,Tell el Ifshar,Israel,3200 BC,1100 AD,,
TRUE,FALSE,822,TEA,Tell el'Abd,Syria,3200 BC,2000 BC,,
TRUE,FALSE,828,TO,Tell el'Oueili,Iraq,6400 BC,3800 BC,,
FALSE,TRUE,1054,OREM,Tell el-'Orēme,Israel,918 BC,535 BC,,
TRUE,FALSE,823,TEF,Tell el-Fara'in,Egypt,5200 BC,3000 BC,,
TRUE,FALSE,1063,TFU,Tell el-Fukhar,Jordan,2800 BC,2600 BC,,
TRUE,FALSE,824,TEH,Tell el-Handaquq,Jordan,3000 BC,2600 BC,,
TRUE,FALSE,825,TEHAY,Tell el-Hayyat,Jordan,3200 BC,500 BC,,
TRUE,FALSE,826,TELH,Tell el-Hesi,Israel,400 BC,500 BC,,
TRUE,FALSE,827,TEI,Tell el-Iswid,Egypt,5500 BC,2700 BC,,
FALSE,TRUE,1047,MAFJ,Tell el-Mafjer ,srael,5200 BC,3000 BC,,
TRUE,FALSE,1010,TMAZ,Tell el-Mazar II,Israel,1000 BC,500 BC,,
TRUE,FALSE,830,TESA,Tell es-Sa'idiyeh,Jordan,3200 BC,2000 BC,,
TRUE,FALSE,1037,SAFI,Tell es-Safi/Gath,Israel,1500 BC,500 BC,,
TRUE,TRUE,831,SWE,Tell es-Sweyhat,Syria,3200 BC,500 AD,,
TRUE,FALSE,829,TESH,Tell Esh-Shuna,Jordan,5100 BC,500 AD,,
TRUE,FALSE,832,TFA,Tell Fadous-Kfarabida,Lebanon,5200 BC,1600 BC,,
TRUE,FALSE,833,TGER,Tell Gerisa,Israel,1800 BC,1200 BC,,
TRUE,FALSE,834,TGE,Tell Gezer,Israel,3200 BC,2000 BC,,
TRUE,FALSE,835,GHOR,Tell Ghoraifé,Syria,8700 BC,6500 BC,,
TRUE,FALSE,836,GUF,Tell Guftan,Syria,500 AD,1500 AD,,
TRUE,FALSE,1067,THA,Tell Hadar,Israel,1150 BC,980 BC,,
TRUE,TRUE,837,HAD,Tell Hadidi,Syria,3400 BC,1516 AD,,
TRUE,FALSE,838,THAL,Tell Halaf,Syria,1000 BC,500 BC,,
TRUE,TRUE,839,THF,Tell Halif,Israel,5200 BC,1516 AD,,
TRUE,FALSE,840,THT,Tell Hammam et-Turkman,Syria,4800 BC,1600 BC,,
TRUE,TRUE,841,THES,Tell Hesban,Jordan,1000 BC,1750 AD,,
TRUE,FALSE,842,HRIM,Tell Hrim,Syria,1200 AD,1250 AD,,
TRUE,FALSE,843,HWES,Tell Hwes,Syria,1500 BC,1200 BC,,
TRUE,FALSE,844,TIA,Tell Ibrahim Awad,Egypt,5500 BC,2700 BC,,
TRUE,FALSE,845,TI,Tell Ilbol,Syria,5200 BC,3000 BC,,
TRUE,FALSE,846,TJT,Tell Jerablus Tahtani,Syria,4800 BC,2000 BC,,
TRUE,FALSE,847,TKA,Tell Karrana,Iraq,5200 BC,2000 BC,,
TRUE,FALSE,848,TKEI,Tell Keisan,Israel,1000 BC,500 BC,,
TRUE,FALSE,849,TKE,Tell Kerma,Syria,3200 BC,2000 BC,,
TRUE,FALSE,851,TKU,Tell Kurdu,Turkey,5100 BC,2000 BC,,
TRUE,FALSE,852,LEIL,Tell Leilan,Syria,2300 BC,2200 BC,,
TRUE,FALSE,1064,TMQ,Tell Miqne,Israel,1300 BC,1100 BC,,
TRUE,FALSE,855,TEMI,Tell Mishrifeh,Syria,3200 BC,500 BC,,
TRUE,TRUE,856,TM,Tell Mozan,Syria,3400 BC,1100 BC,,
TRUE,TRUE,858,TMUN,Tell Munbāqa,Syria,2350 BC,1200 BC,,
TRUE,FALSE,859,MUREY,Tell Mureybit,Syria,12500 BC,6500 BC,,
TRUE,FALSE,860,TNM,Tell Nebi Mend (Kadesh),Syria,3200 BC,500 BC,,
TRUE,FALSE,861,TQQ,Tell Qara Quzaq,Syria,2400 BC,1600 BC,,
TRUE,FALSE,862,TQA,Tell Qaramel,Syria,3400 BC,1100 BC,,
TRUE,TRUE,863,TQR,Tell Qarqur,Syria,2350 BC,1100 AD,,
TRUE,FALSE,864,TQASH,Tell Qashish,Israel,3200 BC,2000 BC,,
TRUE,FALSE,865,TQAS,Tell Qasile,Israel,1000 BC,500 BC,,
TRUE,FALSE,866,TQI,Tell Qiri,Israel,1500 BC,500 BC,,
TRUE,FALSE,867,TQ,Tell Qurtass,Iraq,2100 BC,1940 BC,,
TRUE,FALSE,868,RAM,Tell Ramad,Syria,7500 BC,7000 BC,,
TRUE,FALSE,869,SHAM,Tell Ras Shamra,Syria,7500 BC,7000 BC,,
FALSE,TRUE,1002,TERE,Tell Rehov,Israel,1200 BC,535 BC,,
TRUE,TRUE,870,TSABA,Tell Sabi Abyad,Syria,5400 BC,5200 BC,,
FALSE,TRUE,1009,SAII,Tell Sabi Abyad II,Syria,8700 BC,6500 BC,,
TRUE,TRUE,871,TSH,Tell Schech Hamad,Syria,1392 BC,700 BC,,
TRUE,FALSE,872,SLK,Tell Selenkahiye,Syria,2350 BC,2000 BC,,
TRUE,FALSE,873,TSE,Tell Sera,Israel,1500 BC,1200 BC,,
TRUE,FALSE,874,TSF,Tell Shiukh Fawqani,Syria,4800 BC,1750 AD,,
TRUE,FALSE,876,TTAA,Tell Taannach,Israel,3200 BC,1200 BC,,
TRUE,FALSE,878,TT,Tell Taya,Iraq,3100 BC,2200 BC,,
FALSE,TRUE,1003,TETU,Tell Tuneinir,Syria,800 AD,1750 AD,,
TRUE,FALSE,880,TYOG,Tell Yoqneam,Israel,1800 BC,840 BC,,
TRUE,FALSE,881,ZAG,Tell Zagan,Syria,3100 BC,2700 BC,,
TRUE,FALSE,884,ABDU,Tepe Abdul Hosein,Iran,8400 BC,7500 BC,,
TRUE,FALSE,885,TF,Tepe Farukhabad,Iran,4500 BC,1300 BC,,
TRUE,FALSE,886,TEPHA,Tepe Hasanlu,Iran,6400 BC,3000 BC,,
TRUE,FALSE,887,TEPHI,Tepe Hissar,Iran,3200 BC,1600 BC,,
TRUE,FALSE,888,TMU,Tepe Musiyan,Iran,6400 BC,4200 BC,,
TRUE,FALSE,889,TS,Tepe Sabz,Iran,5100 BC,4200 BC,,
TRUE,FALSE,999,SIALK,Tepe Sialk,Iran,6400 BC,535 BC,,
TRUE,FALSE,890,TY,Tepe Yahya,Iran,4800 BC,300 BC,,
TRUE,FALSE,891,TEP,Tepecik,Turkey,4500 BC,1200 BC,,
TRUE,FALSE,893,THE,Thebes,Greece,1500 BC,1200 BC,,
TRUE,FALSE,894,THER,Therasia,Greece,1500 BC,1200 BC,,
TRUE,TRUE,897,TB,Tilbeshar,Turkey,5200 BC,1500 AD,,
TRUE,FALSE,1018,TIM,Timnah (Tel Batash) III,Israel,1700 BC,400 BC,,
TRUE,FALSE,898,TIR,Tiryns,Greece,2500 BC,2300 BC,,
TRUE,TRUE,899,TH,Titris Höyük,Turkey,3200 BC,2000 BC,,
TRUE,FALSE,905,TOB,Toumba Balomenou,Greece,6400 BC,5200 BC,,
TRUE,TRUE,911,TRO,Troia,Turkey,3200 BC,323 BC,,
TRUE,FALSE,912,TSA,Tsani,Greece,1800 BC,1600 BC,,
TRUE,FALSE,913,TG,Tuleilat Ghassul,Jordan,5200 BC,3000 BC,,
FALSE,TRUE,1053,TURB,Türbe Höyük,Turkey,1800 BC,1200 BC,,
FALSE,TRUE,1008,TUSH,Tušhan (Ziyaret Tepe),Turkey,3200 BC,600 BC,,
TRUE,FALSE,917,TUT,Tutankhamun tomb,Egypt,1500 BC,1200 BC,,
TRUE,FALSE,919,TZ,Tzafit,Israel,1000 BC,400 AD,,
TRUE,FALSE,920,UDH,Udhruh,Jordan,1000 BC,400 AD,,
TRUE,FALSE,921,U,Ulu Burun,Turkey,1500 BC,1200 BC,,
TRUE,FALSE,10,AQ,Ulucak,Iraq,238 BC,224 AD,,
FALSE,TRUE,987,ULUC,Ulucak,Turkey,8700 BC,2600 BC,,
TRUE,FALSE,923,UMB,Umbashi,Syria,3200 BC,1600 BC,,
TRUE,FALSE,925,UEM,Umm el-Marra,Syria,3200 BC,1200 BC,,
TRUE,FALSE,926,UEQ,Umm el-Qaab,Egypt,5500 BC,3200 BC,,
TRUE,FALSE,927,UQ,Umm Qseir,Syria,5100 BC,3200 BC,,
TRUE,FALSE,930,ARTI_G77_1,unknown1,Russia,5100 BC,3200 BC,,
TRUE,FALSE,936,UR,Ur,Iraq,3200 BC,2000 BC,,
TRUE,FALSE,941,VRS,Vrsnik,Greece,6400 BC,2000 BC,,
TRUE,TRUE,946,WF,Wadi Fidan,Jordan,7500 BC,2000 BC,,
TRUE,FALSE,948,WHAM,Wadi Hammeh 27,Jordan,11200 BC,9600 BC,,
TRUE,FALSE,949,WJ,Wadi Jilat 7,Jordan,8800 BC,5200 BC,,
FALSE,TRUE,1025,YARI,Yarikkaya,Turkey,3200 BC,2000 BC,,
TRUE,FALSE,959,YAHO,Yarim Höyük,Turkey,4000 BC,3100 BC,,
TRUE,FALSE,960,YATE,Yarim Tepe I,Iraq,5400 BC,3100 BC,,
TRUE,FALSE,961,YA,Yassi Ada,Turkey,325 AD,1100 AD,,
TRUE,TRUE,964,YEN,Yenibademli Höyük,Turkey,2800 BC,2600 BC,,
TRUE,FALSE,967,YIF,Yiftah'el,Israel,8400 BC,7500 BC,,
TRUE,FALSE,1034,YON,Yoncatepe (Van),Turkey,1000 BC,400 AD,,
TRUE,FALSE,1065,ZAD,Zahrat adh-Dhra 1,Jordan,1800 BC,1600 BC,,
