taxon,taxon_code,Domestic_wild_status,plant_part,family
Aaronsohnia factorovskyi,AAROFAC,W,inflorescence,Asteraceae
Acacia sp.,ACACSPE,W,seed/grain,Fabaceae
Achillea sp. L.,ACHISPE,W,seed/grain,Asteraceae
Adonis aestivalis,ADONAES,W,seed/grain,Ranunculaceae
Adonis annua L.,ADONANN,W,seed/grain,Ranunculaceae
Adonis dentata Del.,ADONDEN,W,seed/grain,Ranunculaceae
Adonis flamea/dentata,ADOFLDE,W,seed/grain,Ranunculaceae
Adonis flammea Jacq.,ADONFLA,W,seed/grain,Ranunculaceae
Adonis sp.,ADONSPE,W,seed/grain,Ranunculaceae
Aegilops crassa,AEGICRA,W,seed/grain,Poaceae
Aegilops fruit fragment,AEGIFRU,W,fruit,Poaceae
Aegilops geniculata/peregrina,AEGGEPE,W,seed/grain,Poaceae
Aegilops kotschyi,AEGIKOT,W,spikelets,Poaceae
Aegilops sp. glume bases (spikelet bases),AEGSPGB,W,glume base,Poaceae
Aegilops sp. glume remains,AEGSPGR,W,chaff,Poaceae
Aegilops sp. grains,AEGISPE,W,seed/grain,Poaceae
Aegilops sp. rachis,AEGSPRA,W,chaff,Poaceae
Aegilops sp. spikelet forks (spikelets),AEGSPSF,W,chaff - spikelet fork,Poaceae
Aegilops speltoides glume bases (spikelet bases),AEGISPG,W,chaff,Poaceae
Aegilops speltoides grains,AEGISPT,W,seed/grain,Poaceae
Aegilops speltoides spikelet forks,AEGISPS,W,chaff,Poaceae
Aellinia autrani,AELLAUT,W,seed/grain,Chenopodiaceae
Aeluropus sp.,AELUSPE,W,seed/grain,Poaceae
Agropyron/Eremopyrum,AGROERE,W,seed/grain,Poaceae
Agrostis sp.,AGROSPE,W,seed/grain,Poaceae
Agrostis/Calamagrostis /Aira,AGCALAI,W,seed/grain,Poaceae
Agrostis/Poa,AGROPOA,W,seed/grain,Poaceae
Aizoon hispanicum,AIZOHIS,W,seed/grain,Aizoaceae
Aizoon sp.,AIZOSPE,W,seed/grain,Aizoaceae
Ajuga sp.,AJUGSPE,W,seed/grain,Lamiaceae
Ajuga/Teucrium sp.,AJUGTEU,W,seed/grain,Lamiaceae
Alcea spp.,ALCESPE,W,mericarp,Malvaceae
Alcea spp.,ALCESPE,W,seed/grain,Malvaceae
Alhagi sp.,ALHASPE,W,seed/grain,Brassicaceae
Alismataceae indeterminate,ALISIND,W,embryos,Alismataceae
Alkanna orientalis,ALKAORI,W,seed/grain,Boraginaceae
Alkanna Tausch sp.,ALKASPE,W,seed/grain,Boraginaceae
Alopecurus sp.,ALOPSPE,W,seed/grain,Poaceae
Alopecurus utriculatus,ALOPUTR,W,seed/grain,Poaceae
Alyssum damascenus,ALYSDAM,W,fruit valves,Cruciferae
Alyssum sp.,ALYSSPE,W,seed/grain,Brassicaceae
Alyssum/Lepidum,ALYSLEP,W,seed/grain,Brassicaceae
Amaranthaceae/Chenopodiaceae,AMARCHE,W,seed/grain,Amaranthaceae/Chenopodiaceae
Amaranthus retroflexus,AMARRET,W,seed/grain,Amaranthaceae
Amaranthus sp.,AMARSPE,W,seed/grain,Amaranthaceae
Ammi majus L.,AMMIMAJ,W,seed/grain,Apiaceae
Amygdalus communis L.,AMYGCOM,D,nutshell,Rosaceae
Amygdalus communis L.,AMYGCOM,D,seed/grain,Rosaceae
Amygdalus communis/korschinskii,AMYCOKO,tree - nut bearing,nutshell,Rosaceae
Amygdalus communis/korschinskii,AMYCOKO,tree - nut bearing,ecarp,Rosaceae
Amygdalus sp.,AMYGSPE,W,ecarp,Rosaceae
Amygdalus sp.,AMYGSPE,W,nutshell fragments,Rosaceae
Amygdalus sp.,AMYGSPE,W,seed/grain,Rosaceae
Amygdalus sp.,AMYGSPE,W,nutshell,Rosaceae
Anabasis/Noaea spp.,ANABNOA,W,seed/grain,Chenopodiaceae
Anagallis arvensis L.,ANAGARV,W,seed/grain,Primulaceae
Anagallis sp. L.,ANAGSPE,W,seed/grain,Primulaceae
Anchusa aegyptiaca/milleri,ANCAEMI,W,nutlets,Boraginaceae
Anchusa L. sp.,ANCHSPE,W,seed/grain,Boraginaceae
Anchusa officinalis,ANCHOFF,W,seed/grain,Boraginaceae
Androsace maxima L.,ANDRMAX,W,fruit,Primulaceae
Androsace maxima L.,ANDRMAX,W,seed/grain,Primulaceae
Androsace sp. L.,ANDRSPE,W,seed/grain,Primulaceae
Anisantha sp.,ANISSPE,W,seed/grain,Poaceae
Anisantha/Bromus spp.,ANISBRO,W,seed/grain,Poaceae
Anthemis pseudocotula Boiss.,ANTHPSE,W,achene,Asteraceae
Antirrhinum orontium,ANTIORO,W,capsule,Scrophulariaceae
Anvillea garcinii,ANVIGAR,W,'heads',Compositae
Apera-type,APERASP,W,seed/grain,Poaceae
Apiaceae indeterminate,UMBEIND,W,fruit,Apiaceae
Apiaceae indeterminate,UMBEIND,W,seed/grain,Apiaceae
Arabis/Cardamine spp.,ARABCAR,W,seed/grain,Cruciferae
Arbutilon teophrastii,ARBUTEO,shrub,seed/grain,Malvaceae
Arenaria serpyllifolia,ARENSER,W,seed/grain,Caryophyllaceae
Arenaria sp.,ARENSPE,W,seed/grain,Caryophyllaceae
Arenaria/Minuartia spp.,ARENMIN,W,seed/grain,Caryophyllaceae
"Arnebia decumbens  (Vent.) Cosson & Kralik, uncarbonized",ARNDEUC,W,seed/grain,Boraginaceae
Arnebia decumbens (Vent.) Cosson & Kralik,ARNEDEC,W,seed/grain,Boraginaceae
Arnebia Forssk. sp.,ARNESPE,W,seed/grain,Boraginaceae
Arnebia linearifolia DC.,ARNELIN,W,seed/grain,Boraginaceae
Arnebia/Lithospermum,ARNELTH,W,seed/grain,Boraginaceae
Arrhenatherum,ARRHSPE,W,seed/grain,Poaceae
Artemisia annua,ARTEANN,W,seed/grain,Compositae
Artemisia sp. L.,ARTESPE,W,seed/grain,Asteraceae
Artemisia vulgaris,ARTEVUL,W,seed/grain,Compositae
Asclepiadaceae indeterminate,ASCLIND,W,seed/grain,Asclepiadaceae
Asparagus sp.,ASPASPE,W,seed/grain,Liliaceae
Asperula sp.,ASPESPE,W,seed/grain,Rubiaceae
Asperula/Galium sp.,ASPEGAL,W,seed/grain,Rubiaceae
Asphodelus spp.,ASPHSPE,W,seed/grain,Liliaceae
Asteraceae indet.,COMPIND,W,seed and kernals,Asteraceae
Asterolinon linum-stellatum,ASTELIS,W,seed/grain,Primulaceae
Astragalus callichrous,ASTRCAL,W,seed/grain,Leguminosae
Astragalus sp.,ASTRSPE,W,seed/grain,Fabaceae
Astragalus/Trigonella,ASTRTRI,W,seed/grain,Fabaceae
Atriplex leucoclada,ATRILEU,W,dispersal unit,Chenopodiaceae
Atriplex rosea,ATRIROS,W,dispersal unit,Chenopodiaceae
Atriplex sp.,ATRISPE,W,seeds and bracts,Chenopodiaceae
Atriplex tatarica,ATRITAT,W,seed/grain,Chenopodiaceae
Avena barbata Pott,AVENBAR,W,seed/grain,Poaceae
Avena ludoviciana,AVENLUD,W,seed/grain,Poaceae
Avena sp.,AVENSPE,W,seed/grain,Poaceae
Avena sp. awns,AVENSPA,W,awn,Poaceae
Avena sp. rachilla charred,AVENSPR,W,rachilla node,Poaceae
Avena sp. spikelet,AVENSPS,W,chaff - spikelet fork,Poaceae
Avena sterilis L.,AVENSTE,W,seed/grain,Poaceae
Avena wiestii Steudel,AVENWIE,W,seed/grain,Poaceae
Avena/Stipa,AVENSTI,W,seed/grain,Poaceae
Aveninae,AVENINA,W,seed/grain,Poaceae
Bellevalia sp.,BELLSPE,W,seed/grain,Liliaceae
Bellevalia/Muscari sp.,BELLMUS,W,seed/grain,Liliaceae
Bellevalia/Ornithogalum spp.,BELLORN,W,seed/grain,Liliaceae
Bellevaria/Asphoderus,BELLASP,W,seed/grain,Liliaceae
Beta sp.,BETASPE,W,seed/grain,Chenopodiaceae
Beta vulgaris L.,BETAVUL,D,seed/grain,Chenopodiaceae
Bifora spp.,BIFOSPE,W,seed/grain,Umbelliferae
Boraginaceae indeterminate,BORAIND,W,seed/grain/esperm,Boraginaceae
Brachypodium distachyon,BRACDIS,W,seed/grain,Poaceae
Brassica nigra (L.) Koch,BRASNIG,D,seed/grain,Brassicaceae
Brassica sp.,BRASSPE,W,seed/grain,Brassicaceae
Brassica/Sinapis sp.,BRASSIN,W,seed/grain,Brassicaceae
Brassicaceae indet.,CRUCIND,W,seeds and siliqua,Brassicaceae
Brinza minor,BRIZMIN,W,seed/grain,Poaceae
Briza sp.,BRIZSPE,W,seed/grain,Poaceae
Bromus arvensis,BROMARV,W,seed/grain,Poaceae
Bromus danthoniae type,BROMDAT,W,seed/grain,Poaceae
Bromus sp.,BROMSPE,W,seed/grain,Poaceae
Bromus sterilis L.,BROMSTE,W,seed/grain,Poaceae
Bromus/Aegilops spp.,BROmAEG,W,seed/grain,Poaceae
Buglossoides arvensis (L.) Johnston,BUGLARV,W,seed/grain,Boraginaceae
Buglossoides Moench sp.,BUGLSPE,W,seed/grain,Boraginaceae
Buglossoides tenuiflora (L. fil.) Johnston,BUGLTEN,W,seed/grain,Boraginaceae
Bupleurum rotundifolium type,BUPLROT,W,seed/grain,Apiaceae
Bupleurum sp. L.,BUPLSPE,W,seed/grain,Apiaceae
Bupleurum subovatum Link. ex Spreng. var. heterophyllum (Link) Wolff in Engler,BUPLSUB,W,seed/grain,Apiaceae
Calendula sp. L.,CALESPE,W,seed/grain,Asteraceae
Camelina microcarpa,CAMEMIC,W,seed/grain,Brassicaceae
Camelina spp.,CAMESPE,W,seed/grain,Cruciferae
Campanula spp.,CAMASPE,W,seed/grain,Campanulaceae
Campanulaceae indeterminate,CAMPIND,W,seed/grain,Campanulaceae
Camphorosma monspeliaca,CAMPMON,W,seed/grain,Chenopodiaceae
Camphorosma spp.,CAMPSPE,W,seed/grain,Chenopodiaceae
Capparis sp.,CAPPSPE,W,seed/grain,Capparaceae
Capparis spinosa L.,CAPPSPI,W,seed/grain,Capparaceae
Capsella bursa-pastoris,CAPSBUP,W,seed/grain,Cruciferae
Capsella spp.,CAPSSPE,W,seed/grain,Cruciferae
Carex divisa Hudson,CAREDIV,W,seed/grain,Cyperaceae
Carex sp.,CARESPE,W,seed/grain,Cyperaceae
Carrichtera annua,CARRANN,W,valves/fruit beaks,Brassicaceae
Carthamus sp. L.,CARTSPE,W,seed/grain,Asteraceae
Carthamus tenuis,CARTTEN,W,achene,Compositae
Caryophyllaceae indet.,CARYIND,W,seed/grain,Caryophyllaceae
Caryophyllaceae/Chenopodiaceae indet.,CARYCHE,W,seed/grain,Caryophyllaceae/Chenopodiaceae
Caryophyllaceae/Malvaceae,CARYMAL,W,seed/grain,Caryophyllaceae/Chenopodiaceae
Catabrosa aquatica,CATAAQU,W,seed/grain,Poaceae
Celtis sp.,CELTSPE,W,nutshell,Ulmaceae
Celtis sp.,CELTSPE,W,seed/grain,Ulmaceae
Celtis tournefortii,CELTTOU,tree - fruit bearing,seed/grain,Ulmaceae
Celtis tournefortii,CELTTOU,tree - fruit bearing,endocarp,Ulmaceae
Celtis tournefortii/australis,CELTOAU,W,seed/grain,Ulmaceae
Centaurea ammocyanus/pallescens,CENAMPA,W,seed/grain,Compositae
Centaurea sp. L.,CENTSPE,W,seed/grain,Asteraceae
Centaurea/Cirsium spp.,CENTCIR,W,seed/grain,Compositae
Cephalaria sp. Schrader ex Roemer & Schultes,CEPHSPE,W,seed/grain,Dipsacaceae
Cephalaria syriaca (L.) Schrader,CEPHSYR,W,seed/grain,Dipsacaceae
Cerastium sp.,CERASPE,W,seed/grain,Caryophyllaceae
Cerastium/Stellaria spp.,CERASTE,W,seed/grain,Caryophyllaceae
Ceratonia siliqua L.,CERASIL,W,seed/grain,Fabaceae
Cereal indeterminate basal culm,CERINDB,D,chaff,Poaceae
Cereal indeterminate chaff,CERINDF,D,chaff,Poaceae
Cereal indeterminate culm,CERINDC,D,chaff,Poaceae
Cereal indeterminate grains,CERINDG,D,fragments,Poaceae
Cereal indeterminate grains,CERINDG,D,seed/grain,Poaceae
Chara sp.,CHARSPE,W,nocules,Characeae
Chenopodiaceae indet.,CHENIND,W,embryos,Chenopodiaceae
Chenopodiaceae indet.,CHENIND,W,seed/grain,Chenopodiaceae
Chenopodiaceae/Capparis/etc. spiral  embryo indeterminate,CHENCAP,W,seed/grain,Chenopodiaceae
Chenopodiaceae/Capparis/etc. spiral  embryo indeterminate,CHENCAP,W,embryo,Chenopodiaceae
Chenopodiaceae/Capparis/etc. spiral  embryo indeterminate,CHENCAP,W,spiral embryos,Chenopodiaceae
Chenopodiaceae/Caryophyllaceae indeterminate,CHENCAR,W,spiral embryos,Chenopodiaceae
Chenopodiaceae/Caryophyllaceae indeterminate,CHENCAR,W,seed/grain,Chenopodiaceae
Chenopodiaceae/incumbent Cruciferae indeterminate,CHENCRU,W,seed/grain,Chenopodiaceae
Chenopodium album L.,CHENALB,W,seed/grain,Chenopodiaceae
Chenopodium sp.,CHENSPE,W,seed/grain,Chenopodiaceae
Chenopodium/Atriplex,CHENATR,W,seed/grain,Chenopodiaceae
Chrozophora spp.,CHROSPE,W,seed/grain,Euphorbiaceae
Chrozophora verbascifolia,CHROVER,W,seed/grain,Euphorbiaceae
Chrysanthemum coronarium,CHRYCOR,W,achene,Asteraceae
Chrysanthemum sp.,CHRYSPE,W,seed/grain,Asteraceae
Cicer arietinum L.,CICEARI,D,seed/grain,Fabaceae
Cicer sp.,CICESPE,W,seed/grain,Fabaceae
Cichorium intybus L.,CICHINT,W,seed/grain,Lactuceae
Cirsium spp.,CIRSSPE,W,seed/grain,Asteraceae
Cirsium/Carduus,CIRSCAR,W,seed/grain,Asteraceae
Citrullus colocynthis (L.) Schrader in Linnaea,CITRCOL,W,seed/grain,Cucurbitaceae
Cladium mariscus (L.) Pohl,CLADMAR,W,seed/grain,Cyperaceae
Cleistogenes,CLEISPE,W,seed/grain,Poaceae
Clematis spp.,CLEMSPE,W,seed/grain,Ranunculaceae
Cleome ornithopodioides,CLEOORN,W,seed/grain,Capparaceae
Cleome sp.,CLEOSPE,W,seed/grain,Capparaceae
Colutea spp.,COLUSPE,W,seed/grain,Leguminosae
Convolvulus arvensis L.,CONVARV,W,seed/grain,Convolvulaceae
Convolvulus sp. L.,CONVSPE,W,seed/grain,Convolvulaceae
Coriandrum sativum,CORISAT,D,fruits,Apiaceae
Cornus mas L.,CORNMAS,W,seed/grain,Cornaceae
Coronilla scorpioides (L.) Koch,COROSCO,W,seed/grain,Fabaceae
Coronilla sp.,COROSPE,W,seed/grain,Fabaceae
Corydalis spp.,CORYSPE,W,seed/grain,Papaveraceae
Crataegus sp. L.,CRATSPE,W,seed/grain,Rosaceae
Crepis aspera,CREPASP,W,seed/grain,Asteraceae
Crepis spp.,CREPSPE,W,seed/grain,Compositae
Crithopsis deliliana,CRITDEL,W,seed/grain,Poaceae
Crucianella / Plantago,CRUCPLA,W,seed/grain,Rubiaceae
Crucianella sp.,CRUCSPE,W,seed/grain,Rubiaceae
Crupina crupinastrum,CRUPCRU,W,'heads'/achenes/pappuses,Compositae
Crypsis sp.,CRYPSPE,W,seed/grain,Poaceae
Cucurbitaceae indeterminate,CUCUIND,W,seed/grain,Cucurbitaceae
Cupressus sempervirens,CUPRSEM,W,fruit scale,Cupressaceae
Cuscuta sp. L.,CUSCSPE,W,seed/grain,Cuscutaceae
Cutandia spp.,CUTASPE,W,seed/grain,Poaceae
Cynodon dactylon (L.) Pers.,CYNODAC,W,seed/grain,Poaceae
Cynodon sp.,CYNOSPE,W,seed/grain,Poaceae
Cyperaceae indet.,CYPEIND,W,seed/grain,Cyperaceae
Cyperus sp.,CYPESPE,W,seed/grain,Cyperaceae
Datura spp.,DATUSPE,tree/shrub,seed/grain,Solanaceae
Descurainia sophia,DESCSOP,W,seed/grain,Cruciferae
Dipsacaceae indeterminate,DIPSIND,W,seed/grain,Dipsacaceae
Draba spp.,DRABSPE,W,seed/grain,Cruciferae
Echinaria capitata (L.) Desf.,ECHICAP,W,seed/grain,Poaceae
Echinaria spp.,ECHNSPE,W,seed/grain,Poaceae
Echinochloa crus-galli (L.) P. Beauv.,ECHICRG,W,seed/grain,Poaceae
Echium L. sp.,ECHISPE,W,seed/grain,Boraginaceae
Eleocharis sp.,ELEOSPE,W,seed/grain,Cyperaceae
Elymus sp.,ELYMSPE,W,seed/grain,Poaceae
Equisetum spp.,EQUISPE,W,seed/grain,Equisetaceae
Eragrostis sp.,ERAGSPE,W,seed/grain,Poaceae
Eremopyrum bonaepartis,EREMBON,W,seed/grain,Poaceae
Eremopyrum sp.,EREMSPE,W,seed/grain,Poaceae
Erodium ciconium,ERODCIC,W,mericarps and beak (frag),Geraniaceae
Erodium gruinum,ERODGRU,W,beak (frags),Geraniaceae
Erodium sp.,ERODSPE,W,awn,Geraniaceae
Erodium sp.,ERODSPE,W,mericarps and beak (frag),Geraniaceae
Erodium sp.,ERODSPE,W,seed/grain,Geraniaceae
Erodium sp. Awn frag,ERODSAF,W,chaff- awn frag,Geraniaceae
Erodium spiral beak,EROSPBE,W,seed/grain,Geraniaceae
Eruca spp.,ERUCSPE,W,seed/grain,Cruciferae
Erucaria microcarpa/rostrata,ERUMIRO,W,seed/grain,Cruciferae
Euclidium spp.,EUCLSPE,W,seed/grain,Cruciferae
Euclidium syriacum,EUCLSRI,W,seed/grain,Brassicaceae
Euclidium syriacum (L.) R.,EUCLSYR,W,seed/grain,Brassicaceae
Euphorbia sp.,EUPHSPE,W,seed/grain,Euphorbiaceae
Euphorbiaceae indeterminate,EUPHIND,W,seed/grain,Euphorbiaceae
Fabaceae indet.,LEGUIND,W,seed/grain,Fabaceae
Fabaceae indeterminate large,LEGUINL,W,seed/grain,Fabaceae
Fabaceae indeterminate small,LEGUINS,W,seed/grain,Fabaceae
Fagonia sp.,FAGOSPE,W,seed/grain,Zygophyllaceae
Festuca type,FESTTYP,W,seed/grain,Poaceae
Ficus carica L.,FICUCAR,D,fruit,Moraceae
Ficus carica L.,FICUCAR,D,seed/grain,Moraceae
Ficus carica L. fruit,FICUCAF,W,seed/grain,Moraceae
Ficus sp.,FICUSPE,W,seed/grain,Moraceae
Ficus sp. Fragments of fruit pulp,FICUFFP,tree,seed/grain,Moraceae
Foeniculum spp.,FOENSPE,W,seed/grain,Umbelliferae
Fumaria densiflora,FUMADEN,W,seed/grain,Papaveraceae
Fumaria densiflora,FUMADEN,W,fruits,Papaveraceae
Fumaria parviflora Lam.,FUMAPAR,W,seed/grain,Papaveraceae
Fumaria sp.,FUMASPE,W,seed/grain,Papaveraceae
Galium ceratopodium,GALICER,W,seed/grain,Rubiaceae
Galium mollugo,GALIMOL,W,seed/grain,Rubiaceae
Galium sp.,GALISPE,W,seed/grain,Rubiaceae
Galium tricornutum Dandy,GALITRI,W,seed/grain,Rubiaceae
Gaudinopsis spp.,GAUDSPE,W,seed/grain,Poaceae
Genista sp.,GENISPE,W,seed/grain,Fabaceae
Geraniaceae,GERAIND,W,seed/grain,Geraniaceae
Geranium sp.,GERASPE,W,seed/grain,Geraniaceae
Glaucium aleppicum,GLAUALE,W,seed/grain,Papaveraceae
Glaucium corniculatum (L.) Rud.,GLAUCOR,W,seed/grain,Papaveraceae
Glaucium sp.,GLAUSPE,W,seed/grain,Papaveraceae
Glycyrrhiza sp.,GLYCSPE,W,seed/grain,Fabaceae
Gundelia tournefortii,GUNDTOU,W,seed/grain,Compositae
Gypsophila elegans,GYPSELE,W,seed/grain,Caryophyllaceae
Gypsophila pilosa Hudson,GYPSPIL,W,seed/grain,Caryophyllaceae
Gypsophila sp.,GYPSSPE,W,seed/grain,Caryophyllaceae
Halothamnus hierochunticus,HALOHIE,W,utricle,Chenopodiaceae
Hammada/Salsola spp.,HAMMSAL,W,seed/grain,Chenopodiaceae
Haplophyllum spp.,HAPLSPE,W,seed/grain,Rutaceae
Helianthemum ledifolium,HELILED,W,seed/grain,Cistaceae
Helianthemum salicifolium (L.) Miller,HELISAL,W,seed/grain,Cistaceae
Helianthemum sp.,HELISPE,W,seed/grain,Cistaceae
Heliotropium europaeum L.,HELOEUR,W,seed/grain,Boraginaceae
Heliotropium L. sp.,HELOSPE,W,seed/grain,Boraginaceae
Heliotropium rotundifolium,HELOROT,W,seed/grain,Boraginaceae
Heliotropium suaveolens,HELOSUA,W,seed/grain,Boraginaceae
Henrardia pubescens,HENRPUB,W,seed/grain,Poaceae
Herniaria sp.,HERNSPE,W,seed/grain,Illecebraceae
Heteranthelium spp.,HETESPE,W,seed/grain,Poaceae
Hibiscus trionum,HIBITRI,W,seed/grain,Malvaceae
Hippocrepis sp.,HIPPSPE,W,seed/grain,Fabaceae
Holosteum spp.,HOLOSPE,W,seed/grain,Caryophyllaceae
Hordeum bulbosum,HORBUBU,W,seed/grain,Poaceae
Hordeum bulbosum,HORDBUL,W,seed/grain,Poaceae
Hordeum bulbosum/spontaneum,HORBUSP,WilD grass/cereal,seed/grain,Poaceae
Hordeum glaucum,HORDGLA,W,seed/grain,Poaceae
Hordeum hystrix/marinum,HORHYMA,W,seed/grain,Poaceae
Hordeum marinum,HORDMAR,W,seed/grain,Poaceae
Hordeum murinum L.,HORDMUR,W,chaff - spikelet fork,Poaceae
Hordeum murinum L.,HORDMUR,W,seed/grain,Poaceae
Hordeum murinum/bulbosum,HORMUBU,W,seed/grain,Poaceae
Hordeum murinum/bulbosum base,HORMBBA,W,base,Poaceae
Hordeum sativum / nudum grains (indeterminate hulled) asymmetrical,HORDNUA,D,seed/grain,Poaceae
Hordeum sativum / nudum grains (indeterminate hulled) symmetrical,HORDNUS,D,seed/grain,Poaceae
Hordeum sativum grains (2-row hulled),HORDSAT,D,seed/grain,Poaceae
Hordeum sativum grains (6 row hulled),HORDSAS,D,seed/grain,Poaceae
Hordeum sativum grains (indeterminate hulled),HORDSAI,D,seed/grain,Poaceae
Hordeum sativum grains (indeterminate hulled) asymmetrical,HORDASY,D,seed/grain,Poaceae
Hordeum sativum grains (indeterminate hulled) symmetrical,HORDSSY,D,seed/grain,Poaceae
Hordeum sativum hulled or naked grains,HORSASN,D,seed/grain,Poaceae
Hordeum sativum hulled or naked rachis internodes,HORSSNR,D,chaff,Poaceae
Hordeum sativum naked grains,HORDSAN,D,seed/grain,Poaceae
Hordeum sativum naked rachis internodes,HORDSNR,D,rachis,Poaceae
Hordeum sativum rachis internodes,HORDSRA,D,chaff,Poaceae
Hordeum sativum rachis internodes (2-row hulled),HORDSRT,D,chaff,Poaceae
Hordeum sativum rachis internodes (indeterminate hulled),HORDSRI,D,rachis internodes,Poaceae
Hordeum sp. (imprints),HORDSPE,W,seed/grain,Poaceae
Hordeum sp. (wild),HORDSPW,W,seed/grain,Poaceae
Hordeum sp. awns,HORDSPA,W,chaff,Poaceae
Hordeum sp. glume remains,HORDSPG,W,chaff - glume base,Poaceae
Hordeum sp. grains,HORDSPC,W,seed/grain,Poaceae
Hordeum sp. rachis internodes,HORDRAI,W,chaff,Poaceae
Hordeum spontaneum glume base,HORDSGB,W,glume base,Poaceae
Hordeum spontaneum Koch,HORDSPO,W,grains/triplets/spikelets,Poaceae
Hordeum spontaneum Koch,HORDSPO,W,seed/grain,Poaceae
Hordeum spontaneum rachis internodes,HORDSPR,W,chaff,Poaceae
Hordeum spontaneum/sativum grains,HORSPSA,W,seed/grain,Poaceae
Hordeum spontaneum/sativum lateral floret base,HORSPLF,W,chaff - rachis,Poaceae
Hordeum spontaneum/sativum rachis internodes,HORSPSR,WilD/Domestic cereal,rachis internodes,Poaceae
Hordeum spontaneum/sativum spikelet fork,HOSPSAS,W/D,chaff - spikelet fork,Poaceae
Hordeum/Elymus spp.,HORDELY,W,seed/grain,Poaceae
Hordeum/Secale rachis internodes,HORSECR,W,chaff,Poaceae
Hyoscyamus reticulatus,HYOSRET,W,seed/grain,Solanaceae
Hyoscyamus sp.,HYOSSPE,W,seed/grain,Solanaceae
Hypecoum sp.,HYPCSPE,W,seed/grain,Papaveraceae
Hypericum sp.,HYPESPE,W,seed/grain,Hypericaceae
Hypochoeris sp.,HYPOSPE,W,seed/grain,
Illecebrecaceae indeterminate,ILLEIND,W,seed/grain,Illecebrecaeae
Imperata sp.,IMPESPE,W,seed/grain,Poaceae
Imperata/Saccharum spp.,IMPESAC,W,seed/grain,Poaceae
indeterminata,INDETER,W,presence,-
indeterminata,INDETER,W,seed/grain /bud,-
indeterminata wild,INDETWI,W,seed/grain,-
indeterminate fruit,INDETFR,W,seed/grain,-
indeterminate fruit,INDETRH,W,fruit,-
indeterminate fruit,INDETFR,W,fruit,-
indeterminate nut fragments,INDETNT,W,fragments,-
indeterminate nut fragments,INDETNT,W,seed/grain,-
indeterminate nut fragments,INDETNT,W,nutshell,-
Isatis spp.,ISATSPE,W,seed/grain,Cruciferae
Juncus sp.,JUNCSPE,W,seed/grain,Juncaceae
Juniperus sp.,JUNISPE,W,nutlets,Cupressaceae
Kochia prostrata,KOCHPRO,W,seed/grain,Chenopodiaceae
Koeleria spp.,KOELSPE,W,seed/grain,Poaceae
Krascheninnikova ceratonia,KRASCER,W,seed/grain,Chenopodiaceae
Lactuca sp.,LACTSPE,W,seed/grain,Asteraceae
Lallemantia sp.,LALLSPE,W,seed/grain,Lamiaceae
Lamiaceae indet.,LABIIND,W,seed/grain,Lamiaceae
Lamium spp.,LAMISPE,W,seed/grain,Labiatae
Lathyrus aphaca L.,LATHAPH,W,seed/grain,Fabaceae
Lathyrus cicera L.,LATHCIC,W,seed/grain,Fabaceae
Lathyrus cicera/sativus,LATCISA,D,seed/grain,Fabaceae
Lathyrus hirsutus L.,LATHHIR,W,seed/grain,Fabaceae
Lathyrus nissolia,LATHNIS,W,seed/grain,Leguminosae
Lathyrus sativus L.,LATHSAT,D,seed/grain,Fabaceae
Lathyrus sp.,LATHSPE,W,seed/grain,Fabaceae
Lathyrus type,LATHTYP,W,seed/grain,Fabaceae
Lens culinaris Medik.,LENSCUL,D,seed/grain,Fabaceae
Lens orientalis,LENSORI,WilD pulse,seed/grain,Leguminosae
Lens sp.,LENSSPE,D,seed/grain,Fabaceae
Lepidium perfoliatum,LEPIPER,W,seed/grain,Cruciferae
Lepidium ruderale,LEPIRUD,W,seed/grain,Cruciferae
Lepidium sp.,LEPISPE,W,seed/grain,Brassicaceae
Liliaceae indeterminate,LILIIND,W,seed/grain,Liliaceae
Linum bienne,LINUBIE,WilD oil/fibre plant,seed/grain,Linaceae
Linum sp.,LINUSPE,W,seed/grain,Linaceae
Linum usitatissimum L.,LINUUSI,D,seed/grain,Linaceae
Lithospermum arvense L.,LITHSPM,W,seed/grain,Boraginaceae
Lithospermum L. sp.,LITHSPE,W,seed/grain,Boraginaceae
Lithospermum officinale L.,LITHOFF,W,seed/grain,Boraginaceae
Lolium perenne L.,LOLIPER,W,seed/grain,Poaceae
Lolium persicum type,LOLPSTY,W,seed/grain,Poaceae
Lolium rigidum Gaudin,LOLIRIG,W,seed/grain,Poaceae
Lolium rigidum/perenne,LOLRIPE,W,seed/grain,Poaceae
Lolium sp.,LOLISPE,W,seed/grain,Poaceae
Lolium sp./ Hordeum,LOLIHOL,W,seed/grain,Poaceae
Lolium temulentum L.,LOLITEM,W,seed/grain,Poaceae
Lolium/Poa,LOLIPOA,W,seed/grain,Poaceae
Lupinus angustifolius,LUPIANG,W,seed/grain,Fabaceae
Lupinus sp.,LUPISPE,W,seed/grain,Fabaceae
Lycium spp.,LYCISPE,W,seed/grain,Solanaceae
Lycopus sp.,LYCOSPE,W,seed/grain,Lamiaceae
Malcomia spp.,MALCSPE,W,seed/grain,Cruciferae
"Maloideae (e.g., incl. Malus, Pyrus, Sorbus, Cydonia, etc.]",MALOIDE,W,seed/grain,Maloideae
Malva nicaeensis,MALVNIC,W,seed/grain,Malvaceae
Malva parviflora L.,MALVPAR,W,seed/grain,Malvaceae
Malva sp.,MALVSPE,W,seed/grain,Malvaceae
Malva sylvestris/nicaensis,MALSYNI,W,seed/grain,Malvaceae
Malvaceae indet.,MALVIND,W,seed/grain,Malvaceae
Matricaria sp. L.,MATRSPE,W,seed/grain,Asteraceae
Medicago hispida type,MEHITYP,W,seed/grain,Fabaceae
Medicago lacinata,MEDILAC,W,fruits,Fabaceae
Medicago minima,MEDIMIN,W,seed/grain,Leguminosae
Medicago polymorpha L.,MEDIPOL,W,seed/grain,Fabaceae
Medicago radiata L.,MEDIRAD,W,seed/grain,Fabaceae
Medicago sp.,MEDISPE,W,seed/grain,Fabaceae
Medicago sp. Sect. Spirocarpos Ser. (pod),MEDISPO,W,seed/grain,Fabaceae
Medicago type,MEDITYP,W,seed/grain,Fabaceae
Medicago/Meliotus sp.,MEDIMEL,W,seed/grain,Fabaceae
Melica persica,MELIPER,W,seed/grain,Poaceae
Melilotus sp.,MELISPE,W,seed/grain,Fabaceae
Melilotus/Trifolium,MELITRI,W,seed/grain,Fabaceae
Mesembryanthemum nodiflorum,MESENOD,W,seed/grain,Aizoaceae
Micromeria sp.,MICRSPE,W,seed/grain,Lamiaceae
Minuartia rubella,MINURUB,W,seed/grain,Caryophyllaceae
Minuartia sp.,MINUSPE,W,seed/grain,Caryophyllaceae
Moltkia coerulea,MOLTCOE,W,seed/grain,Boraginaceae
Moraceae indeterminate,MORAIND,W,seed/grain,Moraceae
Muscari longipes,MUSCLON,W,seed/grain,Liliaceae
Muscari sp.,MUSCSPE,W,seed/grain,Liliaceae
Nepeta sp.,NEPESPE,W,seed/grain,Lamiaceae
Neslia paniculata,NESLPAN,W,seed/grain,Brassicaceae
Neslia paniculata/apiculata,NESPAAP,W,seed/grain,Brassicaceae
Neslia sp.,NESLSPE,W,seed/grain,Brassicaceae
Nigella sp.,NIGESPE,W,seed/grain,Ranunculaceae
Nitraria schoberi,NITRSCH,W,seed/grain,Zygophyllaceae
Noaea mucronata,NOAEMUC,W,seed/grain,Chenopodiaceae
Noaea sp.,NOAESPE,W,seed/grain,Chenopodiaceae
Notobasis syriaca,NOTOSYR,W,achene,Compositae
Olea europaea L.,OLEAEUR,D,stone,Oleaceae
Olea sp. L.,OLEASPE,W,seed/grain,Oleaceae
Onobrychis sp.,ONOBSPE,W,seed/grain,Fabaceae
Onobrychis sp. pod,ONOBSPP,W,seed/grain,Fabaceae
Onobrychis viciifolia Scop.,ONOBVIC,W,seed/grain,Fabaceae
Ononis serrata,ONONSER,W,seed/grain,Leguminosae
Onopordum sp. L.,ONOPSPE,W,seed/grain,Asteraceae
Onosma albo-roseum,ONOSALB,W,seed/grain,Boraginaceae
Ornithogalum sp.,ORNISPE,W,seed/grain,Liliaceae
Oryzopsis holciformis,ORYZHOL,W,seed/grain,Poaceae
Panicoideae indeterminate,PANIIND,W,seed/grain,Poaceae
Panicum sp.,PANISPE,W,seed/grain,Poaceae
Papaver argemone L.,PAPAARG,W,seed/grain,Papaveraceae
Papaver dubium/rhoeas,PAPDURH,W,seed/grain,Papaveraceae
Papaver glaucum,PAPAGLA,W,seed/grain,Papaveraceae
Papaver somniferum L.,PAPASOM,D,seed/grain,Papaveraceae
Papaver sp.,PAPASPE,W,seed/grain,Papaveraceae
Papaveraceae indeterminate,PAPAIND,W,seed/grain,Papaveraceae
Papilionaceae indet.,PAPIIND,W,seed/grain,Fabaceae
Peganum harmala L.,PEGAHAR,W,seed/grain,Zygophyllaceae
Phalaris canariensis,PHALCAN,W,seed/grain,Poaceae
Phalaris paradoxa L.,PHALPAR,W,seed/grain,Poaceae
Phalaris sp.,PHALSPE,W,seed/grain,Poaceae
Phalaris tuberosa,PHALTUB,W,spikelets,Poaceae
Phlomis spp.,PHLOSPE,W,seed/grain,Labiatae
Phragmites australis (Cav.) Trin.,PHRAAUS,W,culm nodes,Poaceae
Phragmites sp.,PHRASPE,W,culm,Poaceae
Phragmites sp.,PHRASPE,W,seed/grain,Poaceae
Pimpinella spp.,PIMPSPE,W,seed/grain,Umbelliferae
Pistacia atlantica Desf.,PISTATL,D,nutlet,Anacardiaceae
Pistacia atlantica Desf.,PISTATL,D,fruits,Anacardiaceae
Pistacia atlantica Desf.,PISTATL,D,nutshell,Anacardiaceae
Pistacia atlantica Desf.,PISTATL,D,seed/grain,Anacardiaceae
Pistacia atlantica/palaestina,PISATPA,W,nutlet,Anacardiaceae
Pistacia atlantica/palaestina,PISATPA,W,seed/grain,Anacardiaceae
Pistacia khinjuk,PISTKHI,W,seed/grain,Anacardiaceae
Pistacia sp.,PISTSPE,W,nutshell,Anacardiaceae
Pistacia sp.,PISTSPE,W,seed/grain,Anacardiaceae
Pistacia terebinthus/lentiscus,PISTELE,W,seed/grain,Anacardiaceae
Pisum elatius Bieb.,PISUELA,W,seed/grain,Fabaceae
Pisum sativum L.,PISUSAT,D,seed/grain,Fabaceae
Pisum sp.,PISUSPE,W,seed/grain,Fabaceae
Pisum/Lathyrus sp.,PISULAT,D,seed/grain,Fabaceae
Pisum/Vicia sp.,PISUVIC,D,seed/grain,Fabaceae
Pisum/Vicia/Lathyrus,PISVILA,W,seed/grain,Fabaceae
Plantago coronopus,PLANCOR,W,spikes,Plantaginaceae
Plantago lagopus L.,PLANLAG,W,seed/grain,Plantaginaceae
Plantago lanceolata,PLANLAN,W,seed/grain,Plantaginaceae
Plantago major,PLANMAJ,W,seed/grain,Plantaginaceae
Plantago ovata,PLANOVA,W,seed/grain,Plantaginaceae
Plantago psyllium,PLANPSY,W,seed/grain,Plantaginaceae
Plantago sp.,PLANSPE,W,seed/grain,Plantaginaceae
Plantago squarrosa,PLANSQU,W,seed/grain,Plantaginaceae
Poa bulbosa,POABULB,W,bulbil,Poaceae
Poa bulbosa,POABULB,W,seed/grain,Poaceae
Poa sp.,POASPEC,W,seed/grain,Poaceae
Poa type,POATYPE,W,seed/grain,Poaceae
Poaceae indet.,GRAMIND,W,seed/grain,Poaceae
Poaceae indet.  Basal culm,GRAMINB,W,basal culm,Poaceae
Poaceae indet. large,GRAINLA,W,seed/grain,Poaceae
Poaceae indet. large,GRAINLA,W,chaff,Poaceae
Poaceae indet. Processed,GRAMINP,W,processed seed/grain,Poaceae
Poaceae indet. Rachis,GRAMIRA,W,chaff,Poaceae
Poaceae indet. rachis fragment,GRAINRA,W,chaff - rachis,Poaceae
Poaceae indet. small,GRAINSM,W,seed/grain,Poaceae
Poaceae indet. spikelet remains,GRAMINS,W,chaff,Poaceae
Poaceae indet. spikelet remains,GRAMINS,W,spikelet forks,Poaceae
Poaceae indet.culm nodes,GRAMINC,W,chaff,Poaceae
Polygonaceae indet.,POLYIND,W,seed/grain,Polygonaceae
Polygonaceae indet.,POLYIND,W,endosperm,Polygonaceae
Polygonaceae/Cyperaceae indeterminate,POLYCYP,W,seed/grain,Polygonaceae
Polygonum aviculare L.,POLYAVI,W,seed/grain,Polygonaceae
Polygonum convolvulus L.,POLYCON,W,seed/grain,Polygonaceae
Polygonum corregioloides,POLYCOR,W,seed/grain,Polygonaceae
Polygonum corregioloides type,POLYCOT,W,seed/grain,Polygonaceae
Polygonum lapathifolium L.,POLYLAP,W,seed/grain,Polygonaceae
Polygonum persicaria L.,POLYPER,W,seed/grain,Polygonaceae
Polygonum sp.,POLYSPE,W,seed/grain,Polygonaceae
Polygonum venantianum,POLYVEN,W,seed/grain,Polygonaceae
Polygonum/Rumex sp.,POLYRUM,W,seed/grain,Polygonaceae
Polypogon type,POLPTYP,W,seed/grain,Poaceae
Portulaca oleracea L.,PORTOLE,D,seed/grain,Portulacaceae
Portulaca sp.,PORTSPE,W,seed/grain,Portulacaceae
Potamogeton pectinatus,POTAPEC,W,fruitlet,Potamogetonaceae
Potamogeton sp.,POTASPE,W,seed/grain,Potamogetonaceae
Potentilla sp.,POSPEUC,W,seed/grain,Rosaceae
Potentilla sp.,POTESPE,W,seed/grain,Rosaceae
Primulaceae indeterminate,PRIMIND,W,seed/grain,Primulaceae
Prosopis farcta (Banks & Sol.) Macbride in Contrib. Gray Herb,PROSFAR,W,seed/grain,Fabaceae
Prosopis sp.,PROSSPE,W,seed/grain,Fabaceae
Prosopis stephaniana,PROSSTE,W,seed/grain,Fabaceae
Prosopis/Citrillus spp.,PROSCIT,W,seed/grain,Leguminosae
Prunus divaricata/Amygdalus orientalis,PRDIAMO,tree - fruit bearing,seed/grain,Rosaceae
Prunus sp.,PRUNSPE,D,endocarps,Rosaceae
Prunus sp.,PRUNSPE,D,seed/grain,Rosaceae
Psilurus incurvus (Gouan) Schinz & Thell.,PSILINC,W,seed/grain,Poaceae
Pyrus sp. L.,PYRUSPE,W,seed/grain,Rosaceae
Pyrus syriaca,PYRUSYR,tree - fruit bearing,seed/grain,Rosaceae
Pyrus/Malus sp.,PYRUMAL,D,seed/grain,Rosaceae
Quercus ithaburensis,QUERITH,tree - nut bearing,acorns,Fagaceae
Quercus ithaburensis,QUERITH,tree - nut bearing,acorn frags,Fagaceae
Quercus sp.,QUERSPE,W,seed/grain,Fagaceae
Quercus sp.,QUERSPE,W,hilar scars,Fagaceae
Quercus sp.,QUERSPE,W,nutshell,Fagaceae
Ranunculus acris,RANUACR,W,seed/grain,Ranunculaceae
Ranunculus arvensis L.,RANUARV,W,seed/grain,Ranunculaceae
Ranunculus ficaria,RANUFIC,W,seed/grain,Ranunculaceae
Ranunculus sceleratus,RANUSCE,W,seed/grain,Ranunculaceae
Ranunculus sp.,RANUSPE,W,seed/grain,Ranunculaceae
Reboudia pinnata,REBOPIN,W,seed/grain,Brassicaceae
Reseda lutea L.,RESELUT,W,seed/grain,Resedaceae
Reseda sp.,RESESPE,W,seed/grain,Resedaceae
Retama raetam,RETARAE,W,seed/grain,Leguminosae
Rhus coriaria,RHUSCOR,W,seed/grain,Anacardiaceae
riticumtroploid wheat rachis,TRITTWR,D,chaff,Poaceae
Rubiaceae indeterminate,RUBIIND,W,seed/grain,Rubiaceae
Rubus sanctus,RUBUSCT,W,seed/grain,Rosaceae
Rubus sanguineus,RUBUSAN,W,seed/grain,Rosaceae
Rubus sp.,RUBUSPE,W,seed/grain,Rosaceae
Rumex acetosella L.,RUMEACE,W,seed/grain,Polygonaceae
Rumex pulcher L.,RUMEPUL,W,seed/grain,Polygonaceae
Rumex pulcher type,RUMEPUT,W,seed/grain,Polygonaceae
Rumex sp.,RUMESPE,W,seed/grain,Polygonaceae
Rumex sp.,RUMESPE,W,fruit,Polygonaceae
Ruppia cirrhosa/maritima,RUPCIMA,W,fruit,Ruppiaceae
Salsola sp.,SALSSPE,W,embryo,Chenopodiaceae
Salsola sp.,SALSSPE,W,seed/grain,Chenopodiaceae
Salvia cryptantha,SALVCRY,W,seed/grain,Labiatae
Saponaria spp.,SAPOSPE,W,seed/grain,Caryophyllaceae
Schoenoplectus sp.,SCHOSPE,W,seed/grain,Cyperaceae
Schoenus nigricans L.,SCHONIG,W,seed/grain,Cyperaceae
Scirpus lacustris,SCIRLAC,W,seed/grain,Cyperaceae
Scirpus littoralis,SCIRLIT,W,seed/grain,Cyperaceae
Scirpus maritimus,SCIRMAR,W,seeds & tubers,Cyperaceae
Scirpus maritimus,SCIRMAR,W,seed/grain,Cyperaceae
Scirpus sp.,SCIRSPE,W,seed/grain,Cyperaceae
Scirpus tabernaemontani C.C.Gmelin,SCIRTAB,W,seed/grain,Cyperaceae
Scirpus triquetius,SCIRTRI,W,seed/grain,Cyperaceae
Scirpus tuberosus,SCIRTUB,W,tuber,Cyperaceae
Scirpus/Schoenoplectus sp.,SCIRSCH,W,seed/grain,Cyperaceae
Scleranthus sp.,SCLESPE,W,seed/grain,Illecebraceae
Scorpiurus muricatus L.,SCORMUR,W,seed/grain,Fabaceae
Scorpiurus sp.,SCORSPE,W,seed/grain,Fabaceae
Scrophularia sp.,SCROSPE,W,seed/grain,Scrophulariaceae
Scrophularia sp.,SCROSPE,W,capsule valves,Scrophulariaceae
Scrophulariaceae indeterminate,SCROIND,W,seed/grain,Scrophulariaceae
Secale cereale grains,SECACEG,D,seed/grain,Poaceae
Secale cereale rachis,SECACER,D,chaff,Poaceae
Secale cereale ssp. segetale grains,SECASEG,W,seed/grain,Poaceae
Secale cereale ssp. vavilovii grains,SECAVAV,W,seed/grain,Poaceae
Secale montanum grains,SECAMON,W,seed/grain,Poaceae
Secale montanum/vavilovii grains,SECMOVA,W,seed/grain,Poaceae
Secale montanum/vavilovii rachis,SECMOVR,W,chaff,Poaceae
Secale sp.,SECASPE,W,seed/grain,Poaceae
Secale sp. rachis,SECARAC,W,rachis,Poaceae
Setaria sp.,SETISPE,W,seed/grain,Poaceae
Setaria viridis type,SETAVIT,W,seed/grain,Poaceae
Setaria/Panicum sp.,SETAPAN,W,seed/grain,Poaceae
Sherardia arvensis L.,SHERARV,W,seed/grain,Rubiaceae
Sherardia sp.,SHERSPE,W,seed/grain,Rubiaceae
Silene aegyptiaca,SILEAEG,W,seed/grain,Caryophyllaceae
Silene arabica,SILEARA,W,seed/grain,Caryophyllaceae
Silene colorata,SILECOL,W,seed/grain,Caryophyllaceae
Silene sp.,SILESPE,W,seed/grain,Caryophyllaceae
Silene trinervis,SILETRI,W,seed/grain,Caryophyllaceae
Silene/Gyposphila,SILEGYP,W,seed/grain,aryophyllaceae
Silene/Stellaria sp.,SILESTE,W,seed/grain,Caryophyllaceae
Sinapis sp.,SINASPE,W,seed/grain,Brassicaceae
Sisymbrium spp.,SISYSPE,W,seed/grain,Cruciferae
small-seeded indet,INDETES,W,seed/grain,-
Solanaceae indeterminate,SOLAIND,W,seed/grain,Solanaceae
Solanum dulcamara,SOLADUL,W,seed/grain,Solanaceae
Solanum nigrum L.,SOLANIG,W,seed/grain,Solanaceae
Solanum sp.,SOLASPE,W,seed/grain,Solanaceae
Sophora spp.,SOPHSPE,W,seed/grain,Leguminosae
Spergularia arvensis,SPERARV,W,seed/grain,Caryophyllaceae
Spergularia sp.,SPERSPE,W,seed/grain,Caryophyllaceae
Stachys sp.,STACSPE,W,seed/grain,Lamiaceae
Stellaria sp.,STELSPE,W,seed/grain,Caryophyllaceae
Stipa barbata/lagascae,STIBALA,W,seed/grain,Poaceae
Stipa capensis,STIPCAP,W,seed/grain,Poaceae
Stipa gigantea,STIPGIG,W,seed/grain,Poaceae
Stipa sp.,STIPSPE,W,seed/grain,Poaceae
Stipa sp. awn,STIPSPA,W,chaff - awn,Poaceae
Stipa/Stipagrostis spp.,STIPSTI,W,seed/grain,Poaceae
Stipagrostis obtusa,STPGOBT,W,seed/grain,Poaceae
Stipagrostis plumosa,STPGPLU,W,seed/grain,Poaceae
Suaeda fruticosa,SUAEFRU,W,seed/grain,Chenopodiaceae
Suaeda maritima,SUAEMAR,W,seed/grain,Chenopodiaceae
Suaeda palaestina,SUAEPAL,W,seed/grain,Chenopodiaceae
Suaeda sp.,SUAESPE,W,seed/grain,Chenopodiaceae
Taeniatherum caput-medusae (L.) Nevski,TAENCAM,W,seed/grain,Poaceae
Taeniatherum caput-medusae/crinitum,TAECACR,W,seed/grain,Poaceae
Taeniatherum crinitum spikelet,TAENCRS,W,chaff - spikelet fork,Poaceae
Taeniatherum spikelet base,TAENSPB,W,spikelet base,Poaceae
Taeniatherum spp.,TAENSPE,W,seed/grain,Poaceae
Teucrium botrys,TEUCBOT,W,seed/grain,Lamiaceae
Teucrium sp.,TEUCSPE,W,seed/grain,Lamiaceae
Teucrium/Ajuga sp.,TEUCAJU,W,seed/grain,Lamiaceae
Texiera glastifolia,TEXIGLA,W,seed/grain,Cruciferae
Thymelaea hirsuta (L.) Endl.,THYMHIR,W,nutlets,Thymelaeaceae
Thymelaea passerina (L.) Cosson & Germ.,THYMPAS,W,seed/grain,Thymelaeaceae
Thymelaea sp.,THYMSPE,W,seed/grain,Thymelaeaceae
Thymelaeaceae indeterminate,THYMIND,W,seed/grain,Thymelaeaceae
Torilis nodosa,TORINOD,W,seed/grain,Umbelliferae
Torilis type,TORITYP,W,seed/grain,Apiaceae
Torularia torulosa,TORUTOR,W,seed/grain,Brassicaceae
Trachynia distachya (L.) Link,TRACDIS,W,seed/grain,Poaceae
Tragopogon spp.,TRANSPE,W,seed/grain,Asteraceae
Tragus spp.,TRAGSPE,W,seed/grain,Poaceae
Tribulus terrestris L.,TRIBTER,W,seed/grain,Zygophyllaceae
Trifolieae,TRIFIND,W,seed/grain,Fabaceae
Trifolium sp.,TRIFSPE,W,seed/grain,Fabaceae
Trifolium type,TRIFTYP,W,seed/grain,Fabaceae
Trigonella arabica/schlumbergeri,TRIARSC,W,seed/grain,Leguminosae
Trigonella astroites - type,TRASTTY,W,seed/grain,Fabaceae
Trigonella astroites Fisch. & Mey.,TRIGAST,W,seed/grain,Fabaceae
Trigonella noeana,TRIGNOE,W,seed/grain,Leguminosae
Trigonella sibthorpii,TRIGSIB,W,seed/grain,Leguminosae
Trigonella sp.,TRIGSPE,W,seed/grain,Fabaceae
Trigonella/Astragalus sp.,TRIASTR,W,seed/grain,Fabaceae
Trisetum type,TRISETY,W,seed/grain,Poaceae
Triticeae,TRITIND,W,seed/grain,Poaceae
Triticum aestivum/spelta grains,TRIFHSP,D,seed/grain,Poaceae
Triticum aestivum/spelta terminal rachis,TRIFHTR,D,chaff,Poaceae
Triticum boeoticum glume bases,TRITBOG,W,chaff,Poaceae
Triticum boeoticum grains (1/2g),TRITBOE,W,seed/grain,Poaceae
Triticum boeoticum grains (1g),TRITBOO,W,seed/grain,Poaceae
Triticum boeoticum grains (2g),TRITBOT,W,seed/grain,Poaceae
Triticum boeoticum spikelet forks,TRITBOS,W,chaff,Poaceae
Triticum boeoticum/monococcum glume bases,TRIBOMG,W/D,chaff,Poaceae
Triticum boeoticum/monococcum grains,TRIBOMO,W,seed/grain,Poaceae
Triticum boeoticum/monococcum grains 2g urartu,TRIDCDT,W/D,seed/grain,Poaceae
Triticum boeoticum/monococcum spikelet forks,TRIBOMS,W/D,chaff - spikelet fork,Poaceae
Triticum boeoticum/Secale montanum grains,TRBOSEM,W,seed/grain,Poaceae
Triticum dicoccoides grains,TRITDID,W,seed/grain,Poaceae
Triticum dicoccoides spikelet forks,TRIDIDS,D,chaff,Poaceae
Triticum dicoccum glume bases,TRITDIG,D,chaff - glume base,Poaceae
Triticum dicoccum grains,TRITDIC,D,seed/grain,Poaceae
Triticum dicoccum rachis,TRITDRA,D,basal rachis,Poaceae
Triticum dicoccum spikelet fork terminal,TRITDIT,D,chaff,Poaceae
Triticum dicoccum spikelet forks,TRITDIS,D,spikelet forks,Poaceae
Triticum dicoccum/dicoccoides grains,TRIDCDD,W,seed/grain,Poaceae
Triticum dicoccum/dicoccoides spikelet forks,TRIDCDS,W/D,chaff - spikelet fork/gb,Poaceae
Triticum dicoccum/spelta grains,TRIDISP,D,seed/grain,Poaceae
Triticum indeterminate glume wheat rachis,TRIGLWR,D,chaff,Poaceae
Triticum monococcum glume bases,TRITMOG,D,glume base,Poaceae
Triticum monococcum grains (1/2g),TRITMON,D,seed/grain,Poaceae
Triticum monococcum grains (1g),TRITMOO,D,seed/grain,Poaceae
Triticum monococcum grains (2g),TRITMOT,D,seed/grain,Poaceae
Triticum monococcum spikelet forks,TRITMOS,D,spikelet forks,Poaceae
Triticum monococcum/dicoccum glume bases,TRIMODG,D,glume base,Poaceae
Triticum monococcum/dicoccum grains,TRIMODI,D,grain frags,Poaceae
Triticum monococcum/dicoccum grains,TRIMODI,D,seed/grain,Poaceae
Triticum monococcum/dicoccum rachis,TRIMDRA,D,chaff,Poaceae
Triticum monococcum/dicoccum spikelet forks,TRIMODS,D,spikelet fork,Poaceae
Triticum sp. Chaff,TRITSCH,D,chaff - spikelet fork,Poaceae
Triticum sp. glume base,TRITSGB,W,glume base,Poaceae
Triticum sp. 'speltoid' type,TRITSPT,W,seed/grain,Poaceae
Triticum species free threshing wheat hexaploid grains,TRITFTH,D,seed/grain,Poaceae
Triticum species free threshing wheat hexaploid rachis,TRIFTHR,D,chaff,Poaceae
Triticum species free threshing wheat tetraploid grains,TRITFTT,D,seed/grain,Poaceae
Triticum species free threshing wheat tetraploid rachis,TRIFTTR,D,chaff,Poaceae
Triticum species indeterminate fr thr/gl wheat awn,TRITSPA,D,chaff,Poaceae
"Triticum species indeterminate fr thr/gl wheat glumes, husk",TRITSPH,D,chaff,Poaceae
Triticum species indeterminate fr thr/gl wheat grains,TRITSPE,D,seed/grain frags,Poaceae
Triticum species indeterminate fr thr/gl wheat grains,TRITSPE,D,seed/grain,Poaceae
Triticum species indeterminate fr thr/gl wheat rachis,TRITSPR,D,chaff,Poaceae
Triticum species indeterminate free threshing wheat grains,TRITFTW,D,seed/grain,Poaceae
Triticum species indeterminate free threshing wheat rachis,TRITFTR,D,chaff,Poaceae
Triticum species indeterminate free threshing wheat rachis base,TRIGLWB,D,chaff - rachis base,Poaceae
Triticum species indeterminate glume wheat glume bases,TRIGLWG,D,glume bases,Poaceae
Triticum species indeterminate glume wheat grains,TRITGLW,D,seed/grain,Poaceae
Triticum species indeterminate glume wheat spikelet forks,TRIGLWS,D,spikelet forks,Poaceae
Triticum species new type glume wheat glume bases,TRINTGB,D,glume base,Poaceae
Triticum species new type glume wheat grains,TRINTWG,D,seed/grain,Poaceae
Triticum species new type glume wheat spikelet forks,TRINTSF,D,spikelet forks,Poaceae
Triticum spelta grains,TRITSPL,D,seed/grain,Poaceae
Triticum turgidum spikelet forks,TRITTUS,D,chaff,Poaceae
Triticum/Secale,TRITSEC,D,seed/grain,Poaceae
Urtica urens L.,URTIURE,W,seed/grain,Urticaceae
Vaccaria pyramidata Medik.,VACCPYR,W,seed/grain,Caryophyllaceae
Vaccaria sp.,VACCSPE,W,seed/grain,Caryophyllaceae
Valerianella coronata (L.) DC.,VALECOR,W,seed/grain,Valerianaceae
Valerianella dentata (L.) Pollich,VALEDEN,W,seed/grain,Valerianaceae
Valerianella sp. Miller,VALESPE,W,seed/grain,Valerianaceae
Verbascum sp.,VERBSPE,W,seed/grain,Scrophulariaceae
Verbena officinalis L.,VEREOFF,W,seed/grain,Verbenaceae
Verbena sp.,VERESPE,W,seed/grain,Verbenaceae
Veronica persica type,VEROPET,W,seed/grain,Scrophulariaceae
Vicia ervilia (L.) Willd.,VICIERV,D,seed/grain,Fabaceae
Vicia faba L.,VICIFAB,D,seed/grain,Fabaceae
Vicia faba/narbonensis,VICFANA,W/D,seed/grain,Leguminosae
Vicia narbonensis L.,VICINAR,W,seed/grain,Fabaceae
Vicia palastina,VICIPAL,W,seed/grain,Fabaceae
Vicia peregrina L.,VICIPER,W,seed/grain,Fabaceae
Vicia sativa L.,VICISAT,D,seed/grain,Fabaceae
Vicia sp.,VICISPE,D,seed/grain,Fabaceae
Vicia/Lathyrus,VICILAT,W,seed/grain,Fabaceae
Vicia/Pisum,VICIPIS,D,seed/grain,Fabaceae
Vicieae,VICIEAE,W,seed/grain,Fabaceae
Viola sp.,VIOLSPE,W,seed/grain,Violaceae
Vitex agnus-castus L.,VITEAGN,W,seed/grain,Verbenaceae
Vitis sp.,VITISPE,W,seed/grain,Vitaceae
Vitis sylvestris Gmelin,VITISYL,W,seed/grain,Vitaceae
Vitis vinifera L. pips,VITIVIN,D,seed/grain,Vitaceae
Vulpia spp.,VULPSPE,W,seed/grain,Poaceae
Ziziphora sp.,ZIZISPE,W,seed/grain,Lamiaceae
Ziziphora tenuior L.,ZIZITEN,W,seed/grain,Lamiaceae
Zoegea leptaurea,ZOEGLEP,W,seed/grain,Asteraceae
Zygophyllum fabago,ZYGOFAB,W,seed/grain,Zygophyllaceae
,,,,
,,,,
,,,,
,,,,
,,,,
,,,,
,,,,
,,,,
,,,,
,,,,
,,,,
,,,,
,,,,
,,,,
,,,,
,,,,
,,,,
,,,,
,,,,
,,,,
,,,,
,,,,
,,,,
,,,,
,,,,
,,,,
,,,,
,,,,
,,,,
,,,,
,,,,
,,,,
,,,,
,,,,
,,,,
,,,,
,,,,
,,,,
,,,,
,,,,
,,,,
,,,,
,,,,
,,,,
,,,,
,,,,
,,,,
,,,,
,,,,
,,,,
,,,,
,,,,
,,,,
,,,,
,,,,
,,,,
,,,,
,,,,
,,,,
,,,,
,,,,
,,,,
,,,,
,,,,
,,,,
,,,,
,,,,
,,,,
,,,,
,,,,
,,,,
,,,,
,,,,
,,,,
,,,,
,,,,
,,,,
,,,,
,,,,
,,,,
,,,,
,,,,
,,,,
,,,,
,,,,
,,,,
,,,,
,,,,
,,,,
,,,,
,,,,
,,,,
,,,,
,,,,
,,,,
,,,,
,,,,
,,,,
,,,,
,,,,
,,,,
,,,,
,,,,
,,,,
,,,,
,,,,
,,,,
,,,,
,,,,
,,,,
,,,,
,,,,
,,,,
,,,,
,,,,
,,,,
,,,,
,,,,
,,,,
,,,,
,,,,
,,,,
,,,,
,,,,
,,,,
,,,,
,,,,
,,,,
,,,,
,,,,
,,,,
,,,,
,,,,
,,,,
,,,,
,,,,
,,,,
,,,,
,,,,
,,,,
,,,,
,,,,
,,,,
,,,,
,,,,
,,,,
,,,,
,,,,
,,,,
,,,,
,,,,
,,,,
,,,,
,,,,
,,,,
,,,,
,,,,
,,,,
,,,,
,,,,
,,,,
,,,,
,,,,
,,,,
,,,,
,,,,
,,,,
,,,,
,,,,
,,,,
,,,,
,,,,
,,,,
,,,,
,,,,
,,,,
,,,,
,,,,
,,,,
,,,,
,,,,
,,,,
,,,,
,,,,
,,,,
,,,,
,,,,
,,,,
,,,,
,,,,
,,,,
,,,,
,,,,
,,,,
,,,,
,,,,
,,,,
,,,,
,,,,
,,,,
,,,,
,,,,
,,,,
,,,,
,,,,
,,,,
,,,,
,,,,
,,,,
,,,,
,,,,
,,,,
,,,,
,,,,
,,,,
,,,,
,,,,
,,,,
,,,,
,,,,
,,,,
,,,,
,,,,
,,,,
,,,,
,,,,
,,,,
,,,,
,,,,
,,,,
,,,,
,,,,
,,,,
,,,,
,,,,
,,,,
,,,,
,,,,
,,,,
,,,,
,,,,
,,,,
,,,,
,,,,
,,,,
,,,,
,,,,
,,,,
,,,,
,,,,
,,,,
,,,,
,,,,
,,,,
,,,,
,,,,
,,,,
,,,,
,,,,
,,,,
,,,,
,,,,
,,,,
,,,,
,,,,
,,,,
,,,,
,,,,
,,,,
,,,,
,,,,
,,,,
,,,,
,,,,
,,,,
,,,,
,,,,
,,,,
,,,,
,,,,
,,,,
,,,,
,,,,
,,,,
,,,,
,,,,
,,,,
,,,,
,,,,
,,,,
,,,,
,,,,
,,,,
,,,,
